token_id,name,role_type,personality,skill,story
1,Hecate Moonwhisper,守护者,慈悲为怀，怜爱众生，兼具勇敢的特质,守护之壁,她曾是普通的灵魂，但镜界的危机唤醒了她内心的力量。如今，她以守护者之名，守护着每一片土地。
2,Gwyneth Guardian,园丁,冲动热血，易于激动，兼具温和的特质,花语交流,在镜界的某处，有一片只有她知道的秘密花园，那里有她所有的心血与爱。
3,Ophelia Bloodthorn,占卜师,静若处子，动若脱兔，兼具神秘的特质,宿命揭示,她能窥见命运的丝线，预知未来的轮廓。水晶球是她解读命运的方式。
4,Ophelia Voidtouched,歌者,成熟稳重，处事周全，兼具热情的特质,和谐之音,天籁之音，绕梁三日。她用歌声抚慰受伤的灵魂，用旋律点亮黑暗的角落。
5,Marguerite of Shadows,守墓者,优雅从容，气质高贵，兼具沉稳的特质,死亡凝视,她守护着镜界的死者安息，在寂静中陪伴着消逝的灵魂。引导是她永恒的职责。
6,Selene Sunstrider,医者,叛逆不羁，自由洒脱，兼具细腻的特质,生命灌注,慈悲是她的本性，无论灵魂因何受伤，她都会伸出援手。医者仁心，说的便是她。
7,Ariadne Voidtouched,守护者,神秘莫测，深不可测，兼具勇敢的特质,净化之光,作为殿堂的守护者，她的存在本身就是一道不可逾越的屏障。她的职责是保护那些脆弱的灵魂。
8,Evangeline Shadowdancer,园丁,温柔如月，照亮黑暗，兼具朴实的特质,自然之力,在镜界的某处，有一片只有她知道的秘密花园，那里有她所有的心血与爱。
9,Bloodmoon Dawnlight,学者,内敛含蓄，蓄势待发，兼具求知的特质,学问传授,她是镜界最博学的灵魂之一，炼金术领域的权威。虽然性格内向，却乐于分享自己的发现。
10,Ivoryl of the Deep,守望者,温柔如月，照亮黑暗，兼具忍耐的特质,警戒信号,在最高的塔楼上，她日夜注视着地平线。即使风暴将至，她也不会退缩。
11,Nocturne Blackdragon,战士,成熟稳重，处事周全，兼具果敢的特质,战斗本能,她是镜界的战斗专家，镜刃是她最信赖的伙伴。每一次挥剑都是对敌人的致命威胁。
12,Onyx The Weaver,医者,静若处子，动若脱兔，兼具细腻的特质,药草调配,她是镜界的治愈者，游走于受伤的灵魂之间。触碰是她治愈伤痛的方式。
13,Henrietta The Witch,占卜师,聪慧机敏，反应敏捷，兼具洞察的特质,宿命揭示,她能窥见命运的丝线，预知未来的轮廓。塔罗是她解读命运的方式。
14,Seraphina of Shadows,园丁,敏感细腻，感受敏锐，兼具朴实的特质,花园构筑,每一株植物都与她有着特殊的联系，她能听到它们的低语，感受到它们的情感。
15,Vivienne Dame,神秘者,冲动热血，易于激动，兼具神秘的特质,梦境编织,行走于现实与虚幻的边界，她掌握着常人无法理解的秘术。梦境编织是她的招牌，神秘而强大。
16,Ivy Leafsinger,战士,冲动热血，易于激动，兼具坚毅的特质,武器精通,以战斗为生，以胜利为荣。她是镜界最强的战士之一，从未尝过失败的滋味。
17,Tansy Dreamweaver,守墓者,神秘莫测，深不可测，兼具淡泊的特质,遗忘之雾,死亡对她而言不是终结，而是另一种开始。她为每一个离去的灵魂指引方向。
18,Midnight The Keeper,战士,叛逆不羁，自由洒脱，兼具果敢的特质,防御姿态,战场是她唯一的归宿，刀光剑影中诠释着生命的意义。她的存在让黑暗势力闻风丧胆。
19,Dawnwhisper of the North,守护者,温柔如月，照亮黑暗，兼具坚定的特质,净化之光,她曾是普通的灵魂，但镜界的危机唤醒了她内心的力量。如今，她以守护者之名，守护着每一片土地。
20,Morwenna The Knight,神秘者,孤独清高，遗世独立，兼具疏离的特质,符文刻写,行走于现实与虚幻的边界，她掌握着常人无法理解的秘术。梦境编织是她的招牌，神秘而强大。
21,Vervain Enigmatica,园丁,执着坚定，矢志不渝，兼具细腻的特质,花园构筑,她在镜界培育着一座属于自己的花园。光之园是她精心照料的领域。
22,Esmeralda The Sage,神秘者,叛逆不羁，自由洒脱，兼具好奇的特质,异界召唤,行走于现实与虚幻的边界，她掌握着常人无法理解的秘术。虚数空间是她的招牌，神秘而强大。
23,Persephone Shadowmere,占卜师,执着坚定，矢志不渝，兼具超然的特质,吉凶判断,作为占卜师，她知道太多不该知道的事。有时，她希望自己从未拥有这份能力。
24,Heather Eclipse,神,天真烂漫，纯真无邪，兼具慈悲的特质,时空扭曲,她是镜界的创世神灵之一，掌管着光的法则。在虚空中诞生，以力量之姿守护着这个精神世界的运转。
25,Sage Blackwood,旅行者,叛逆不羁，自由洒脱，兼具自由的特质,空间跨越,作为流浪者，她不属于任何地方，却也属于任何地方。每一次相遇都是命运的安排，每一次分别都是新的开始。
26,Charlotte Vermillion,守护者,静若处子，动若脱兔，兼具忠诚的特质,誓约之力,她是被镜界意志选中的守护者，誓死捍卫这片世界的安宁。手持反射之盾，将一切入侵者化为虚无。
27,Ebony Leafsinger,神,静若处子，动若脱兔，兼具威严的特质,时空扭曲,作为高位存在，她的力量与镜界本源相连。每当镜界出现裂痕，她便以分离之力修补，维持着世界的平衡。
28,Ravenna of Eternity,梦者,豁达乐观，笑看风云，兼具敏感的特质,噩梦封印,她是穿梭于梦境与现实的旅人，在睡意中编织着另一个世界。造梦是她独有的天赋。
29,Aria Leafsinger,猎人,冲动热血，易于激动，兼具隐忍的特质,目标锁定,她是黑暗中的死神，专门收割那些不应存在于镜界的事物。
30,Persephone Astral,守护者,坚韧不拔，百折不挠，兼具果敢的特质,结界展开,作为花园的守护者，她的存在本身就是一道不可逾越的屏障。她的职责是保护那些脆弱的灵魂。
31,Elowen Voidtouched,文员,忠诚可靠，值得信赖，兼具耐心的特质,资料检索,她是镜界最不可或缺的存在之一，虽然不起眼，却维系着整个世界的运转。
32,Aria Emberheart,战士,热情如火，燃烧一切，兼具坚毅的特质,冲锋之力,她是镜界的战斗专家，光剑是她最信赖的伙伴。每一次挥剑都是对敌人的致命威胁。
33,Vervain Eveningstar,编织者,聪慧机敏，反应敏捷，兼具耐心的特质,网罗之力,命运之线在她指尖流转，能够编织出无限的可能。她是少数能触碰因果的存在。
34,Willow Phantom,守护者,如风般自由，不受束缚，兼具忠诚的特质,净化之光,作为殿堂的守护者，她的存在本身就是一道不可逾越的屏障。她的职责是保护那些脆弱的灵魂。
35,Sappho Earthshaker,编织者,坚韧不拔，百折不挠，兼具耐心的特质,命运缝补,她编织着镜界最神秘的丝线，每一根线都连接着命运的一个节点。时间之纱是她的天赋。
36,Psyche Lady,歌者,热情如火，燃烧一切，兼具灵动的特质,旋律治愈,每首歌曲都是一段旅程，每个音符都是一缕情感。她的声音是镜界最美的礼物。
37,Luna Synod of,神秘者,内敛含蓄，蓄势待发，兼具神秘的特质,符文刻写,神秘笼罩着她的身影，在镜界的角落，总能发现她留下的奇异痕迹。她的起源是她永恒的谜题。
38,Yarrow Goldleaf,神秘者,如风般自由，不受束缚，兼具深沉的特质,镜中漫步,她是镜界的探索者，穿越一个又一个未知的领域。没有人知道她的过去，也没人能预测她的未来。
39,Vivienne Lady,守望者,忠诚可靠，值得信赖，兼具忍耐的特质,监视之眼,孤独是她的伴侣，但她从未抱怨。因为她知道，她的职责关乎整个镜界的安危。
40,Blackrose of Shadows,工匠,执着坚定，矢志不渝，兼具精益的特质,修复之术,她的工作室藏着镜界最珍贵的秘密，每一件作品都讲述着一段独特的故事。
41,Juniper Gloaming,梦者,热情如火，燃烧一切，兼具超脱的特质,梦境遨游,梦境是她最熟悉的领域，在那里她拥有绝对的主宰权。醒来的人们往往不记得她的存在。
42,Ravenna Sentinel,诗人,敏感细腻，感受敏锐，兼具敏感的特质,灵魂诗篇,以诗为剑，以词为盾。她的诗句拥有超越文字本身的力量，能够触动最坚硬的心。
43,Moonshade Baroness,猎人,天真烂漫，纯真无邪，兼具敏锐的特质,诱饵布置,她是黑暗中的死神，专门收割那些不应存在于镜界的事物。
44,Terra Crystalvale,旅行者,静若处子，动若脱兔，兼具好奇的特质,方位直觉,作为流浪者，她不属于任何地方，却也属于任何地方。每一次相遇都是命运的安排，每一次分别都是新的开始。
45,Empress Moonbinder,守望者,温柔如月，照亮黑暗，兼具忍耐的特质,守望之力,她永远站在镜界的边界，注视着可能到来的威胁。地平线是她守望的目标。
46,Aria of Starlight,梦者,叛逆不羁，自由洒脱，兼具超脱的特质,梦境遨游,她是穿梭于梦境与现实的旅人，在睡意中编织着另一个世界。控梦是她独有的天赋。
47,Urania The Hunter,守护者,狡黠聪慧，智计百出，兼具坚定的特质,净化之光,她是被镜界意志选中的守护者，誓死捍卫这片世界的安宁。手持反射之盾，将一切入侵者化为虚无。
48,Hestia The Hunter,诗人,坚韧不拔，百折不挠，兼具细腻的特质,情感抒发,她是镜界的吟游诗人，用词句编织着灵魂的故事。每首诗歌都是一段被遗忘的记忆。
49,Elara Crystalvale,守望者,成熟稳重，处事周全，兼具沉默的特质,预警传递,在最高的塔楼上，她日夜注视着地平线。即使风暴将至，她也不会退缩。
50,Sin Dreamweaver,医者,慈悲为怀，怜爱众生，兼具无私的特质,药草调配,慈悲是她的本性，无论灵魂因何受伤，她都会伸出援手。医者仁心，说的便是她。
51,Beatrix of Dreams,守护者,神秘莫测，深不可测，兼具果敢的特质,反射攻击,她曾是普通的灵魂，但镜界的危机唤醒了她内心的力量。如今，她以守护者之名，守护着每一片土地。
52,Adelaide The Weaver,神秘者,忠诚可靠，值得信赖，兼具好奇的特质,虚数空间,行走于现实与虚幻的边界，她掌握着常人无法理解的秘术。梦境编织是她的招牌，神秘而强大。
53,Rosalind Order of the,医者,坚韧不拔，百折不挠，兼具无私的特质,健康守护,慈悲是她的本性，无论灵魂因何受伤，她都会伸出援手。医者仁心，说的便是她。
54,Esmeralda Riverdancer,神秘者,神秘莫测，深不可测，兼具神秘的特质,虚数空间,神秘笼罩着她的身影，在镜界的角落，总能发现她留下的奇异痕迹。她的真实身份是她永恒的谜题。
55,Luna Cosmos,神秘者,冷峻如霜，洞察本质，兼具好奇的特质,镜中漫步,行走于现实与虚幻的边界，她掌握着常人无法理解的秘术。镜中漫步是她的招牌，神秘而强大。
56,Lunaria of the North,神秘者,成熟稳重，处事周全，兼具好奇的特质,咒语吟唱,神秘笼罩着她的身影，在镜界的角落，总能发现她留下的奇异痕迹。她的过去是她永恒的谜题。
57,Starweaver Ravencroft,文员,犹豫不决，优柔寡断，兼具务实的特质,流程优化,她是镜界秩序的维护者，负责管理着无数灵魂的信息档案。档案整理是她每日的职责。
58,Victoria The Knight,工匠,温柔如月，照亮黑暗，兼具专注的特质,构造之力,作为工匠，她相信万物皆可重塑。即使是破碎的灵魂，在她手中也能获得新生。
59,Cordelia The Knight,守护者,聪慧机敏，反应敏捷，兼具勇敢的特质,镜盾防御,她是被镜界意志选中的守护者，誓死捍卫这片世界的安宁。手持反射之盾，将一切入侵者化为虚无。
60,Artemis Baroness,诗人,慈悲为怀，怜爱众生，兼具理想的特质,灵感迸发,在镜界的寂静角落，她低声吟唱着自己的诗篇。那些词语如同星尘，洒落在这片世界。
61,Malice Maidens,园丁,豁达乐观，笑看风云，兼具细腻的特质,花语交流,在镜界的某处，有一片只有她知道的秘密花园，那里有她所有的心血与爱。
62,Raven Priestess,神秘者,敏感细腻，感受敏锐，兼具深沉的特质,符文刻写,神秘笼罩着她的身影，在镜界的角落，总能发现她留下的奇异痕迹。她的起源是她永恒的谜题。
63,Shade Moonbinder,学者,温柔如月，照亮黑暗，兼具求知的特质,解析之眼,她是镜界最博学的灵魂之一，哲学领域的权威。虽然性格严谨，却乐于分享自己的发现。
64,Onyx The Sage,诗人,犹豫不决，优柔寡断，兼具理想的特质,灵感迸发,以诗为剑，以词为盾。她的诗句拥有超越文字本身的力量，能够触动最坚硬的心。
65,Tansy The Weaver,神秘者,狡黠聪慧，智计百出，兼具好奇的特质,虚数空间,神秘笼罩着她的身影，在镜界的角落，总能发现她留下的奇异痕迹。她的起源是她永恒的谜题。
66,Lyria Starweaver,梦者,犹豫不决，优柔寡断，兼具梦幻的特质,噩梦封印,梦境是她最熟悉的领域，在那里她拥有绝对的主宰权。醒来的人们往往不记得她的存在。
67,Aria The Wanderer,神,如风般自由，不受束缚，兼具慈悲的特质,时空扭曲,她是镜界的创世神灵之一，掌管着情感的法则。在虚空中诞生，以炽热之姿守护着这个精神世界的运转。
68,Crimson Conclave of,歌者,忠诚可靠，值得信赖，兼具热情的特质,音波攻击,她的歌声能穿透镜界的每一个角落。安魂曲是她最擅长的曲调，令人沉醉不已。
69,Moonshade Countess,战士,豁达乐观，笑看风云，兼具热血的特质,冲锋之力,以战斗为生，以胜利为荣。她是镜界最强的战士之一，从未尝过失败的滋味。
70,Lilith The Keeper,医者,执着坚定，矢志不渝，兼具仁慈的特质,生命复苏,她是镜界的治愈者，游走于受伤的灵魂之间。触碰是她治愈伤痛的方式。
71,Ariadne Blackwood,神秘者,沉静如水，波澜不惊，兼具疏离的特质,幻影术,行走于现实与虚幻的边界，她掌握着常人无法理解的秘术。幻影术是她的招牌，神秘而强大。
72,Lyria Eclipse,占卜师,豁达乐观，笑看风云，兼具神秘的特质,因果追溯,她能窥见命运的丝线，预知未来的轮廓。塔罗是她解读命运的方式。
73,Countess The Oracle,医者,神秘莫测，深不可测，兼具仁慈的特质,伤痛抚慰,她掌握着生命的奥秘，能够缝合最深的创伤。在镜界，她是最受敬重的存在之一。
74,Isolde Stoneheart,编织者,狡黠聪慧，智计百出，兼具专注的特质,线术操控,命运之线在她指尖流转，能够编织出无限的可能。她是少数能触碰因果的存在。
75,Nocturne Goldenlion,梦者,孤独清高，遗世独立，兼具迷茫的特质,梦境治愈,梦境是她最熟悉的领域，在那里她拥有绝对的主宰权。醒来的人们往往不记得她的存在。
76,Rosemary Lightbringer,战士,神秘莫测，深不可测，兼具刚毅的特质,连击之术,以战斗为生，以胜利为荣。她是镜界最强的战士之一，从未尝过失败的滋味。
77,Elisabeth Wraithborne,守望者,豁达乐观，笑看风云，兼具沉默的特质,警戒信号,孤独是她的伴侣，但她从未抱怨。因为她知道，她的职责关乎整个镜界的安危。
78,Obsidian The Witch,神秘者,热情如火，燃烧一切，兼具疏离的特质,虚数空间,她是镜界的探索者，穿越一个又一个未知的领域。没有人知道她的过去，也没人能预测她的未来。
79,Lenobia Duskwalker,园丁,优雅从容，气质高贵，兼具耐心的特质,季节操控,每一株植物都与她有着特殊的联系，她能听到它们的低语，感受到它们的情感。
80,Empress Enigmatica,占卜师,热情如火，燃烧一切，兼具超然的特质,宿命揭示,作为占卜师，她知道太多不该知道的事。有时，她希望自己从未拥有这份能力。
81,Darkwind of the Abyss,守墓者,天真烂漫，纯真无邪，兼具肃穆的特质,死亡凝视,在镜界的边缘，在遗忘的角落，她默默守望着那些不再醒来的人。
82,Lenobia Conclave of,学者,冲动热血，易于激动，兼具理性的特质,知识殿堂,她穷尽一生追寻镜界的真理，图书馆是她最常停留的地方。灵魂奥秘是她研究的核心课题。
83,Sin Goldenlion,旅行者,沉静如水，波澜不惊，兼具自由的特质,方位直觉,作为流浪者，她不属于任何地方，却也属于任何地方。每一次相遇都是命运的安排，每一次分别都是新的开始。
84,Lady Winterborne,编织者,聪慧机敏，反应敏捷，兼具专注的特质,时间之纱,她的织机永不停歇，每一根丝线都是一段未完的故事。
85,Charlotte Goldleaf,编织者,如风般自由，不受束缚，兼具耐心的特质,命运编织,她编织着镜界最神秘的丝线，每一根线都连接着命运的一个节点。时间之纱是她的天赋。
86,Celestine Flamekeeper,猎人,狡黠聪慧，智计百出，兼具果断的特质,目标锁定,她是黑暗中的死神，专门收割那些不应存在于镜界的事物。
87,Lenobia of Eternity,学者,温柔如月，照亮黑暗，兼具求知的特质,知识殿堂,她是镜界最博学的灵魂之一，科学领域的权威。虽然性格外向，却乐于分享自己的发现。
88,Iris Stormcaller,园丁,慈悲为怀，怜爱众生，兼具朴实的特质,绿意盎然,在镜界的某处，有一片只有她知道的秘密花园，那里有她所有的心血与爱。
89,Selene Sunstrider,工匠,执着坚定，矢志不渝，兼具专注的特质,物品强化,她制作的每件物品都蕴含着特殊的魔力。{craft}是她最擅长的技艺，作品遍布整个镜界。
90,Arabella Order of the,梦者,热情开朗，光芒四射，兼具迷茫的特质,幻象创造,她是穿梭于梦境与现实的旅人，在睡意中编织着另一个世界。造梦是她独有的天赋。
91,Aurora Duskwalker,战士,坚韧不拔，百折不挠，兼具坚毅的特质,冲锋之力,以战斗为生，以胜利为荣。她是镜界最强的战士之一，从未尝过失败的滋味。
92,Yarrow of Dreams,猎人,冲动热血，易于激动，兼具隐忍的特质,追踪术,她是镜界的追踪者，没有猎物能逃过她的追踪。梦境潜伏是她的标志。
93,Malice Seawarden,医者,聪慧机敏，反应敏捷，兼具无私的特质,净化毒素,慈悲是她的本性，无论灵魂因何受伤，她都会伸出援手。医者仁心，说的便是她。
94,Midnight Sentinel,文员,热情如火，燃烧一切，兼具条理的特质,资料检索,她是镜界秩序的维护者，负责管理着无数灵魂的信息档案。事务协调是她每日的职责。
95,Circe Thornwood,旅行者,叛逆不羁，自由洒脱，兼具好奇的特质,瞬移之步,她穿越镜界的每一个位面，以声音的方式记录着所见所闻。记录美好是她永恒的追求。
96,Rosemary Voidtouched,编织者,沉静如水，波澜不惊，兼具细腻的特质,命运编织,命运之线在她指尖流转，能够编织出无限的可能。她是少数能触碰因果的存在。
97,Tempest Nightwalker,园丁,如风般自由，不受束缚，兼具朴实的特质,植物治愈,她在镜界培育着一座属于自己的花园。光之园是她精心照料的领域。
98,Willow Stormwind,学者,热情开朗，光芒四射，兼具理性的特质,文献解读,她穷尽一生追寻镜界的真理，图书馆是她最常停留的地方。世界本源是她研究的核心课题。
99,Fauna Twilight,歌者,聪慧机敏，反应敏捷，兼具感性的特质,情绪共鸣,每首歌曲都是一段旅程，每个音符都是一缕情感。她的声音是镜界最美的礼物。
100,Lenobia Twilight,守护者,坚韧不拔，百折不挠，兼具果敢的特质,牺牲庇护,作为花园的守护者，她的存在本身就是一道不可逾越的屏障。她的职责是保护那些脆弱的灵魂。
101,Tempest of Eternity,战士,冲动热血，易于激动，兼具热血的特质,防御姿态,她是镜界的战斗专家，暗矛是她最信赖的伙伴。每一次挥剑都是对敌人的致命威胁。
102,Lenobia Seawarden,战士,坚韧不拔，百折不挠，兼具刚毅的特质,战意沸腾,战场是她唯一的归宿，刀光剑影中诠释着生命的意义。她的存在让黑暗势力闻风丧胆。
103,Darkwind Celestine,歌者,如风般自由，不受束缚，兼具开朗的特质,歌声诱惑,她的歌声能穿透镜界的每一个角落。战歌是她最擅长的曲调，令人沉醉不已。
104,Thalindra Phantom,诗人,冷峻如霜，洞察本质，兼具敏感的特质,文字魔法,她是镜界的吟游诗人，用词句编织着灵魂的故事。每首诗歌都是一段被遗忘的记忆。
105,Terpsichore Goldleaf,神,温柔如月，照亮黑暗，兼具威严的特质,法则书写,她是镜界的创世神灵之一，掌管着意志的法则。在虚空中诞生，以炽热之姿守护着这个精神世界的运转。
106,Ebony The Weaver,梦者,执着坚定，矢志不渝，兼具敏感的特质,梦境遨游,她的睡眠比常人更长，因为对她而言，梦境才是真正的现实。
107,Catalina Obscura,守望者,热情如火，燃烧一切，兼具坚毅的特质,危险感知,在最高的塔楼上，她日夜注视着地平线。即使风暴将至，她也不会退缩。
108,Medea Shadowmere,诗人,内敛含蓄，蓄势待发，兼具敏感的特质,诗意降临,她是镜界的吟游诗人，用词句编织着灵魂的故事。每首诗歌都是一段被遗忘的记忆。
109,Countess The Keeper,战士,执着坚定，矢志不渝，兼具坚毅的特质,冲锋之力,以战斗为生，以胜利为荣。她是镜界最强的战士之一，从未尝过失败的滋味。
110,Daisy Starweaver,守墓者,静若处子，动若脱兔，兼具肃穆的特质,轮回指引,死亡对她而言不是终结，而是另一种开始。她为每一个离去的灵魂指引方向。
111,Cordelia Flamekeeper,旅行者,豁达乐观，笑看风云，兼具随性的特质,方位直觉,作为流浪者，她不属于任何地方，却也属于任何地方。每一次相遇都是命运的安排，每一次分别都是新的开始。
112,Vampira of Sorrows,工匠,静若处子，动若脱兔，兼具务实的特质,造物之力,她制作的每件物品都蕴含着特殊的魔力。{craft}是她最擅长的技艺，作品遍布整个镜界。
113,Celestine Eveningstar,守护者,沉静如水，波澜不惊，兼具忠诚的特质,镜盾防御,作为森林的守护者，她的存在本身就是一道不可逾越的屏障。她的职责是保护那些脆弱的灵魂。
114,Guinevere Earthshaker,园丁,热情开朗，光芒四射，兼具耐心的特质,花语交流,每一株植物都与她有着特殊的联系，她能听到它们的低语，感受到它们的情感。
115,Lady Viscountess,诗人,豁达乐观，笑看风云，兼具理想的特质,诗意降临,她是镜界的吟游诗人，用词句编织着灵魂的故事。每首诗歌都是一段被遗忘的记忆。
116,Elysium The Knight,猎人,慈悲为怀，怜爱众生，兼具敏锐的特质,伏击战术,她是镜界的追踪者，没有猎物能逃过她的追踪。暗影猎杀是她的标志。
117,Guinevere Maidens,梦者,神秘莫测，深不可测，兼具超脱的特质,沉睡之力,她的睡眠比常人更长，因为对她而言，梦境才是真正的现实。
118,Midnight Dreamweaver,旅行者,聪慧机敏，反应敏捷，兼具随性的特质,路径记忆,她穿越镜界的每一个位面，以绘画的方式记录着所见所闻。体验人生是她永恒的追求。
119,Morrigan The Hunter,守护者,冷峻如霜，洞察本质，兼具忠诚的特质,反射攻击,她曾是普通的灵魂，但镜界的危机唤醒了她内心的力量。如今，她以守护者之名，守护着每一片土地。
120,Catalina The Knight,猎人,慈悲为怀，怜爱众生，兼具隐忍的特质,野兽沟通,她是镜界的追踪者，没有猎物能逃过她的追踪。暗影猎杀是她的标志。
121,Iris The Seeker,收藏家,冷峻如霜，洞察本质，兼具挑剔的特质,宝库构建,每件藏品都有它的故事，每个故事她都能娓娓道来。她是镜界最博学的收藏家。
122,Cordelia Riverdancer,守墓者,执着坚定，矢志不渝，兼具淡泊的特质,轮回指引,死亡对她而言不是终结，而是另一种开始。她为每一个离去的灵魂指引方向。
123,Faelina The Wanderer,工匠,犹豫不决，优柔寡断，兼具务实的特质,完美工艺,她制作的每件物品都蕴含着特殊的魔力。{craft}是她最擅长的技艺，作品遍布整个镜界。
124,Countess Twilight,守护者,沉静如水，波澜不惊，兼具勇敢的特质,誓约之力,她是被镜界意志选中的守护者，誓死捍卫这片世界的安宁。手持反射之盾，将一切入侵者化为虚无。
125,Beatrix The Sage,神秘者,敏感细腻，感受敏锐，兼具神秘的特质,虚数空间,她是镜界的探索者，穿越一个又一个未知的领域。没有人知道她的过去，也没人能预测她的未来。
126,Nimue Goldenlion,诗人,热情开朗，光芒四射，兼具浪漫的特质,文字魔法,以诗为剑，以词为盾。她的诗句拥有超越文字本身的力量，能够触动最坚硬的心。
127,Dawnwhisper of Sorrows,占卜师,静若处子，动若脱兔，兼具深沉的特质,命运窥探,没有人能在她面前隐藏秘密，因为她看到的不是现在，而是因果的锁链。
128,Ophelia Dreamweaver,守护者,静若处子，动若脱兔，兼具坚定的特质,镜盾防御,作为深渊的守护者，她的存在本身就是一道不可逾越的屏障。她的职责是保护那些脆弱的灵魂。
129,Empress The Seeker,占卜师,温柔如月，照亮黑暗，兼具超然的特质,命运窥探,她能窥见命运的丝线，预知未来的轮廓。塔罗是她解读命运的方式。
130,Elder The Witch,文员,热情开朗，光芒四射，兼具条理的特质,资料检索,在堆积如山的文件之间，她找到了自己的价值。秩序是她永恒的追求。
131,Hestia Synod of,神,狡黠聪慧，智计百出，兼具威严的特质,创世之力,作为高位存在，她的力量与镜界本源相连。每当镜界出现裂痕，她便以净化之力修补，维持着世界的平衡。
132,Marigold Dame,文员,优雅从容，气质高贵，兼具细心的特质,资料检索,在堆积如山的文件之间，她找到了自己的价值。秩序是她永恒的追求。
133,Malice Frostweaver,歌者,热情如火，燃烧一切，兼具开朗的特质,天籁之音,她的歌声能穿透镜界的每一个角落。挽歌是她最擅长的曲调，令人沉醉不已。
134,Vampira of the Void,守护者,优雅从容，气质高贵，兼具忠诚的特质,反射攻击,她是被镜界意志选中的守护者，誓死捍卫这片世界的安宁。手持反射之盾，将一切入侵者化为虚无。
135,Lavender of Sorrows,文员,孤独清高，遗世独立，兼具细心的特质,资料检索,在堆积如山的文件之间，她找到了自己的价值。秩序是她永恒的追求。
136,Rowan Vermillion,守护者,冷峻如霜，洞察本质，兼具勇敢的特质,反射攻击,她是被镜界意志选中的守护者，誓死捍卫这片世界的安宁。手持反射之盾，将一切入侵者化为虚无。
137,Lyria Warden,战士,慈悲为怀，怜爱众生，兼具热血的特质,冲锋之力,战场是她唯一的归宿，刀光剑影中诠释着生命的意义。她的存在让黑暗势力闻风丧胆。
138,Tempest Riverdancer,工匠,慈悲为怀，怜爱众生，兼具精益的特质,物品强化,她的工作室藏着镜界最珍贵的秘密，每一件作品都讲述着一段独特的故事。
139,Aelindra of the Abyss,神秘者,狡黠聪慧，智计百出，兼具疏离的特质,符文刻写,神秘笼罩着她的身影，在镜界的角落，总能发现她留下的奇异痕迹。她的起源是她永恒的谜题。
140,Stella Lady,战士,慈悲为怀，怜爱众生，兼具热血的特质,镜斩,她是镜界的战斗专家，暗矛是她最信赖的伙伴。每一次挥剑都是对敌人的致命威胁。
141,Celestine Whitewyrm,歌者,执着坚定，矢志不渝，兼具感性的特质,音波攻击,天籁之音，绕梁三日。她用歌声抚慰受伤的灵魂，用旋律点亮黑暗的角落。
142,Morticia Keeper,守护者,忠诚可靠，值得信赖，兼具坚定的特质,净化之光,她曾是普通的灵魂，但镜界的危机唤醒了她内心的力量。如今，她以守护者之名，守护着每一片土地。
143,Shadow Stormwind,守望者,成熟稳重，处事周全，兼具坚毅的特质,危险感知,在最高的塔楼上，她日夜注视着地平线。即使风暴将至，她也不会退缩。
144,Umbra Mistress,园丁,聪慧机敏，反应敏捷，兼具细腻的特质,绿意盎然,每一株植物都与她有着特殊的联系，她能听到它们的低语，感受到它们的情感。
145,Elder Ashford,学者,执着坚定，矢志不渝，兼具理性的特质,真理追寻,她穷尽一生追寻镜界的真理，图书馆是她最常停留的地方。世界本源是她研究的核心课题。
146,Hecate Warden,梦者,冷峻如霜，洞察本质，兼具迷茫的特质,梦境编织,她的睡眠比常人更长，因为对她而言，梦境才是真正的现实。
147,Morwenna Voidtouched,神秘者,冷峻如霜，洞察本质，兼具好奇的特质,镜中漫步,神秘笼罩着她的身影，在镜界的角落，总能发现她留下的奇异痕迹。她的过去是她永恒的谜题。
148,Fauna Winterborne,梦者,执着坚定，矢志不渝，兼具梦幻的特质,噩梦封印,她的睡眠比常人更长，因为对她而言，梦境才是真正的现实。
149,Lyria The Seeker,文员,叛逆不羁，自由洒脱，兼具细心的特质,文书魔法,在堆积如山的文件之间，她找到了自己的价值。秩序是她永恒的追求。
150,Cassandra Nebula,神秘者,执着坚定，矢志不渝，兼具好奇的特质,记忆窥探,她是镜界的探索者，穿越一个又一个未知的领域。没有人知道她的过去，也没人能预测她的未来。
151,Terra Astral,神秘者,孤独清高，遗世独立，兼具好奇的特质,幻影术,行走于现实与虚幻的边界，她掌握着常人无法理解的秘术。虚数空间是她的招牌，神秘而强大。
152,Violet Shadowdancer,文员,天真烂漫，纯真无邪，兼具耐心的特质,事务协调,她是镜界秩序的维护者，负责管理着无数灵魂的信息档案。档案整理是她每日的职责。
153,Hex Sentinel,守护者,静若处子，动若脱兔，兼具勇敢的特质,镜盾防御,她曾是普通的灵魂，但镜界的危机唤醒了她内心的力量。如今，她以守护者之名，守护着每一片土地。
154,Arabella Shadowdancer,文员,犹豫不决，优柔寡断，兼具务实的特质,记录之笔,她是镜界最不可或缺的存在之一，虽然不起眼，却维系着整个世界的运转。
155,Wrath Leafsinger,学者,沉静如水，波澜不惊，兼具求知的特质,知识殿堂,她穷尽一生追寻镜界的真理，图书馆是她最常停留的地方。世界本源是她研究的核心课题。
156,Morticia Starweaver,猎人,狡黠聪慧，智计百出，兼具隐忍的特质,目标锁定,她是黑暗中的死神，专门收割那些不应存在于镜界的事物。
157,Hex Lady,猎人,冲动热血，易于激动，兼具果断的特质,猎杀本能,她是黑暗中的死神，专门收割那些不应存在于镜界的事物。
158,Genevieve Goldleaf,工匠,叛逆不羁，自由洒脱，兼具务实的特质,完美工艺,她制作的每件物品都蕴含着特殊的魔力。{craft}是她最擅长的技艺，作品遍布整个镜界。
159,Violet The Keeper,学者,敏感细腻，感受敏锐，兼具理性的特质,文献解读,她是镜界最博学的灵魂之一，炼金术领域的权威。虽然性格随和，却乐于分享自己的发现。
160,Morgan le Fay Arcanum,梦者,坚韧不拔，百折不挠，兼具超脱的特质,噩梦封印,她是穿梭于梦境与现实的旅人，在睡意中编织着另一个世界。解梦是她独有的天赋。
161,Arabella Phantom,文员,犹豫不决，优柔寡断，兼具细心的特质,秩序维护,她是镜界秩序的维护者，负责管理着无数灵魂的信息档案。秩序维护是她每日的职责。
162,Faelina Astral,守墓者,叛逆不羁，自由洒脱，兼具淡泊的特质,记忆守护,在镜界的边缘，在遗忘的角落，她默默守望着那些不再醒来的人。
163,Blackrose Twilight,守护者,成熟稳重，处事周全，兼具果敢的特质,守护之壁,她曾是普通的灵魂，但镜界的危机唤醒了她内心的力量。如今，她以守护者之名，守护着每一片土地。
164,Stella Moonbinder,学者,坚韧不拔，百折不挠，兼具求知的特质,文献解读,她是镜界最博学的灵魂之一，炼金术领域的权威。虽然性格随和，却乐于分享自己的发现。
165,Aetherea The Wanderer,神秘者,天真烂漫，纯真无邪，兼具深沉的特质,异界召唤,神秘笼罩着她的身影，在镜界的角落，总能发现她留下的奇异痕迹。她的真实身份是她永恒的谜题。
166,Sable Mystara,编织者,温柔如月，照亮黑暗，兼具细腻的特质,命运编织,命运之线在她指尖流转，能够编织出无限的可能。她是少数能触碰因果的存在。
167,Evangeline Stormcaller,旅行者,慈悲为怀，怜爱众生，兼具自由的特质,坐标锁定,没有灵魂比她走过更多的镜界角落。脚步不停，风景不止，这是她唯一的信条。
168,Isolde Shadowdancer,猎人,静若处子，动若脱兔，兼具冷静的特质,诱饵布置,在阴影中潜行，在静默中出击。她的猎杀精准而优雅，如同艺术一般。
169,Marguerite Twilight,神,敏感细腻，感受敏锐，兼具慈悲的特质,虚实转化,作为高位存在，她的力量与镜界本源相连。每当镜界出现裂痕，她便以融合之力修补，维持着世界的平衡。
170,Euterpe of Starlight,守护者,聪慧机敏，反应敏捷，兼具忠诚的特质,勇气激发,她曾是普通的灵魂，但镜界的危机唤醒了她内心的力量。如今，她以守护者之名，守护着每一片土地。
171,Daisy Nightshade,战士,热情开朗，光芒四射，兼具坚毅的特质,防御姿态,以战斗为生，以胜利为荣。她是镜界最强的战士之一，从未尝过失败的滋味。
172,Urania Keeper,文员,成熟稳重，处事周全，兼具耐心的特质,秩序维护,她是镜界秩序的维护者，负责管理着无数灵魂的信息档案。信息登记是她每日的职责。
173,Ariadne Synod of,歌者,忠诚可靠，值得信赖，兼具感性的特质,鼓舞之力,每首歌曲都是一段旅程，每个音符都是一缕情感。她的声音是镜界最美的礼物。
174,Sylvara Thornwood,旅行者,热情如火，燃烧一切，兼具自由的特质,空间跨越,她穿越镜界的每一个位面，以声音的方式记录着所见所闻。记录美好是她永恒的追求。
175,Shade The Singer,梦者,豁达乐观，笑看风云，兼具敏感的特质,梦境遨游,她是穿梭于梦境与现实的旅人，在睡意中编织着另一个世界。穿梦是她独有的天赋。
176,Celestine Priestess,文员,冷峻如霜，洞察本质，兼具细心的特质,档案管理,她是镜界秩序的维护者，负责管理着无数灵魂的信息档案。信息登记是她每日的职责。
177,Rosalind of Sorrows,战士,冲动热血，易于激动，兼具刚毅的特质,反射之刃,以战斗为生，以胜利为荣。她是镜界最强的战士之一，从未尝过失败的滋味。
178,Ravenna Blackdragon,猎人,犹豫不决，优柔寡断，兼具冷静的特质,诱饵布置,她是镜界的追踪者，没有猎物能逃过她的追踪。梦境潜伏是她的标志。
179,Victoria Mistress,文员,豁达乐观，笑看风云，兼具务实的特质,事务协调,她是镜界最不可或缺的存在之一，虽然不起眼，却维系着整个世界的运转。
180,Bellatrix Lady,战士,冷峻如霜，洞察本质，兼具刚毅的特质,防御姿态,以战斗为生，以胜利为荣。她是镜界最强的战士之一，从未尝过失败的滋味。
181,Morgana Warden,战士,温柔如月，照亮黑暗，兼具坚毅的特质,镜斩,战场是她唯一的归宿，刀光剑影中诠释着生命的意义。她的存在让黑暗势力闻风丧胆。
182,Nocturne Phantom,守望者,内敛含蓄，蓄势待发，兼具沉默的特质,守望之力,在最高的塔楼上，她日夜注视着地平线。即使风暴将至，她也不会退缩。
183,Seraphina Lady,战士,成熟稳重，处事周全，兼具坚毅的特质,冲锋之力,战场是她唯一的归宿，刀光剑影中诠释着生命的意义。她的存在让黑暗势力闻风丧胆。
184,Duchess Warden,园丁,热情如火，燃烧一切，兼具耐心的特质,绿意盎然,每一株植物都与她有着特殊的联系，她能听到它们的低语，感受到它们的情感。
185,Ravenna Keeper,诗人,内敛含蓄，蓄势待发，兼具浪漫的特质,文字魔法,以诗为剑，以词为盾。她的诗句拥有超越文字本身的力量，能够触动最坚硬的心。
186,Calliope of Dreams,诗人,静若处子，动若脱兔，兼具理想的特质,灵魂诗篇,在镜界的寂静角落，她低声吟唱着自己的诗篇。那些词语如同星尘，洒落在这片世界。
187,Terpsichore of Starlight,医者,静若处子，动若脱兔，兼具无私的特质,生命复苏,慈悲是她的本性，无论灵魂因何受伤，她都会伸出援手。医者仁心，说的便是她。
188,Genevieve Lady,猎人,坚韧不拔，百折不挠，兼具果断的特质,目标锁定,她是黑暗中的死神，专门收割那些不应存在于镜界的事物。
189,Vampira Eveningstar,文员,如风般自由，不受束缚，兼具务实的特质,档案管理,她是镜界最不可或缺的存在之一，虽然不起眼，却维系着整个世界的运转。
190,Aria Warden,梦者,慈悲为怀，怜爱众生，兼具迷茫的特质,梦境操控,梦境是她最熟悉的领域，在那里她拥有绝对的主宰权。醒来的人们往往不记得她的存在。
191,Wrath The Seeker,歌者,冷峻如霜，洞察本质，兼具开朗的特质,旋律治愈,每首歌曲都是一段旅程，每个音符都是一缕情感。她的声音是镜界最美的礼物。
192,Lavender Ironforge,工匠,豁达乐观，笑看风云，兼具耐心的特质,修复之术,她制作的每件物品都蕴含着特殊的魔力。{craft}是她最擅长的技艺，作品遍布整个镜界。
193,Bloodmoon Twilight,工匠,成熟稳重，处事周全，兼具专注的特质,物品强化,作为工匠，她相信万物皆可重塑。即使是破碎的灵魂，在她手中也能获得新生。
194,Elara Seawarden,收藏家,执着坚定，矢志不渝，兼具执着的特质,价值评估,在她的宝库中，藏着无数人终其一生都见不到的珍宝。而她，只在等待懂它的人。
195,Iris Maidens,工匠,忠诚可靠，值得信赖，兼具耐心的特质,构造之力,作为工匠，她相信万物皆可重塑。即使是破碎的灵魂，在她手中也能获得新生。
196,Celestine Astral,学者,静若处子，动若脱兔，兼具严谨的特质,记忆图书馆,她穷尽一生追寻镜界的真理，图书馆是她最常停留的地方。记忆之海是她研究的核心课题。
197,Elowen Lady,守望者,狡黠聪慧，智计百出，兼具警觉的特质,边界巡逻,她永远站在镜界的边界，注视着可能到来的威胁。深渊是她守望的目标。
198,Faelina Order of the,工匠,冲动热血，易于激动，兼具专注的特质,造物之力,作为工匠，她相信万物皆可重塑。即使是破碎的灵魂，在她手中也能获得新生。
199,Euterpe Eveningstar,神秘者,冲动热血，易于激动，兼具神秘的特质,记忆窥探,她是镜界的探索者，穿越一个又一个未知的领域。没有人知道她的过去，也没人能预测她的未来。
200,Dawnwhisper Thornwood,工匠,敏感细腻，感受敏锐，兼具专注的特质,物品强化,她制作的每件物品都蕴含着特殊的魔力。{craft}是她最擅长的技艺，作品遍布整个镜界。
201,Elara Enigmatica,学者,冷峻如霜，洞察本质，兼具内敛的特质,解析之眼,她是镜界最博学的灵魂之一，炼金术领域的权威。虽然性格外向，却乐于分享自己的发现。
202,Heather Mystara,工匠,沉静如水，波澜不惊，兼具专注的特质,锻造秘法,她制作的每件物品都蕴含着特殊的魔力。{craft}是她最擅长的技艺，作品遍布整个镜界。
203,Luna The Oracle,学者,叛逆不羁，自由洒脱，兼具严谨的特质,真理追寻,她穷尽一生追寻镜界的真理，图书馆是她最常停留的地方。时空法则是她研究的核心课题。
204,Iris of Sorrows,战士,热情如火，燃烧一切，兼具刚毅的特质,反射之刃,以战斗为生，以胜利为荣。她是镜界最强的战士之一，从未尝过失败的滋味。
205,Nyxara Silvermist,编织者,慈悲为怀，怜爱众生，兼具细腻的特质,网罗之力,命运之线在她指尖流转，能够编织出无限的可能。她是少数能触碰因果的存在。
206,Lunaria Priestess,医者,优雅从容，气质高贵，兼具细腻的特质,伤痛抚慰,她掌握着生命的奥秘，能够缝合最深的创伤。在镜界，她是最受敬重的存在之一。
207,Genevieve Thornwood,收藏家,犹豫不决，优柔寡断，兼具博学的特质,物品识别,她收集镜界所有珍奇的事物，稀有植物是她最珍贵的藏品。
208,Countess Cosmos,守护者,静若处子，动若脱兔，兼具坚定的特质,镜盾防御,她是被镜界意志选中的守护者，誓死捍卫这片世界的安宁。手持反射之盾，将一切入侵者化为虚无。
209,Thalindra The Singer,文员,如风般自由，不受束缚，兼具务实的特质,事务协调,她是镜界最不可或缺的存在之一，虽然不起眼，却维系着整个世界的运转。
210,Heather The Seeker,守护者,冲动热血，易于激动，兼具勇敢的特质,结界展开,作为边境的守护者，她的存在本身就是一道不可逾越的屏障。她的职责是保护那些脆弱的灵魂。
211,Willow Ravencroft,工匠,成熟稳重，处事周全，兼具专注的特质,造物之力,她的工作室藏着镜界最珍贵的秘密，每一件作品都讲述着一段独特的故事。
212,Iris Stormwind,工匠,成熟稳重，处事周全，兼具耐心的特质,炼金术,作为工匠，她相信万物皆可重塑。即使是破碎的灵魂，在她手中也能获得新生。
213,Morwenna Leafsinger,园丁,坚韧不拔，百折不挠，兼具朴实的特质,植物治愈,每一株植物都与她有着特殊的联系，她能听到它们的低语，感受到它们的情感。
214,Urania of Eternity,工匠,内敛含蓄，蓄势待发，兼具务实的特质,炼金术,她制作的每件物品都蕴含着特殊的魔力。{craft}是她最擅长的技艺，作品遍布整个镜界。
215,Dawnwhisper Stormcaller,梦者,热情开朗，光芒四射，兼具敏感的特质,梦境遨游,她的睡眠比常人更长，因为对她而言，梦境才是真正的现实。
216,Vivienne Order of the,园丁,慈悲为怀，怜爱众生，兼具细腻的特质,生长引导,她在镜界培育着一座属于自己的花园。梦之园是她精心照料的领域。
217,Morrigan Sentinel,守护者,冷峻如霜，洞察本质，兼具忠诚的特质,誓约之力,她是被镜界意志选中的守护者，誓死捍卫这片世界的安宁。手持反射之盾，将一切入侵者化为虚无。
218,Elysium The Sage,文员,如风般自由，不受束缚，兼具条理的特质,事务协调,在堆积如山的文件之间，她找到了自己的价值。秩序是她永恒的追求。
219,Calliope Stormcaller,园丁,忠诚可靠，值得信赖，兼具温和的特质,植物治愈,每一株植物都与她有着特殊的联系，她能听到它们的低语，感受到它们的情感。
220,Juliet Goldenlion,诗人,慈悲为怀，怜爱众生，兼具细腻的特质,灵感迸发,在镜界的寂静角落，她低声吟唱着自己的诗篇。那些词语如同星尘，洒落在这片世界。
221,Beatrix Covenant of,守护者,冲动热血，易于激动，兼具果敢的特质,牺牲庇护,她是被镜界意志选中的守护者，誓死捍卫这片世界的安宁。手持反射之盾，将一切入侵者化为虚无。
222,Seraphina Keeper,文员,神秘莫测，深不可测，兼具条理的特质,资料检索,她是镜界最不可或缺的存在之一，虽然不起眼，却维系着整个世界的运转。
223,Sappho Nebula,编织者,冲动热血，易于激动，兼具专注的特质,丝线编织,她的织机永不停歇，每一根丝线都是一段未完的故事。
224,Rhiannon Blackdragon,神秘者,冲动热血，易于激动，兼具疏离的特质,记忆窥探,神秘笼罩着她的身影，在镜界的角落，总能发现她留下的奇异痕迹。她的目的是她永恒的谜题。
225,Guinevere The Sage,战士,冷峻如霜，洞察本质，兼具热血的特质,武器精通,她是镜界的战斗专家，镜刃是她最信赖的伙伴。每一次挥剑都是对敌人的致命威胁。
226,Vampira The Knight,梦者,如风般自由，不受束缚，兼具梦幻的特质,梦境治愈,梦境是她最熟悉的领域，在那里她拥有绝对的主宰权。醒来的人们往往不记得她的存在。
227,Flora Nightwalker,收藏家,冲动热血，易于激动，兼具博学的特质,宝库构建,在她的宝库中，藏着无数人终其一生都见不到的珍宝。而她，只在等待懂它的人。
228,Genevieve Ethereal,神秘者,坚韧不拔，百折不挠，兼具好奇的特质,记忆窥探,行走于现实与虚幻的边界，她掌握着常人无法理解的秘术。虚数空间是她的招牌，神秘而强大。
229,Esmeralda The Hunter,神秘者,优雅从容，气质高贵，兼具疏离的特质,符文刻写,神秘笼罩着她的身影，在镜界的角落，总能发现她留下的奇异痕迹。她的真实身份是她永恒的谜题。
230,Calista of the Abyss,文员,冷峻如霜，洞察本质，兼具条理的特质,流程优化,在堆积如山的文件之间，她找到了自己的价值。秩序是她永恒的追求。
231,Thalindra Shadowdancer,战士,沉静如水，波澜不惊，兼具果敢的特质,战意沸腾,以战斗为生，以胜利为荣。她是镜界最强的战士之一，从未尝过失败的滋味。
232,Countess Mistress,猎人,冲动热血，易于激动，兼具冷静的特质,陷阱设置,她是黑暗中的死神，专门收割那些不应存在于镜界的事物。
233,Raven Order of the,工匠,成熟稳重，处事周全，兼具专注的特质,造物之力,作为工匠，她相信万物皆可重塑。即使是破碎的灵魂，在她手中也能获得新生。
234,Calliope Dame,梦者,狡黠聪慧，智计百出，兼具梦幻的特质,噩梦封印,她的睡眠比常人更长，因为对她而言，梦境才是真正的现实。
235,Euterpe Winterborne,歌者,内敛含蓄，蓄势待发，兼具开朗的特质,旋律治愈,天籁之音，绕梁三日。她用歌声抚慰受伤的灵魂，用旋律点亮黑暗的角落。
236,Rosemary Seawarden,园丁,叛逆不羁，自由洒脱，兼具耐心的特质,花园构筑,每一株植物都与她有着特殊的联系，她能听到它们的低语，感受到它们的情感。
237,Malice Wraithborne,神秘者,热情如火，燃烧一切，兼具神秘的特质,记忆窥探,行走于现实与虚幻的边界，她掌握着常人无法理解的秘术。镜中漫步是她的招牌，神秘而强大。
238,Lavender The Knight,守护者,犹豫不决，优柔寡断，兼具坚定的特质,勇气激发,她是被镜界意志选中的守护者，誓死捍卫这片世界的安宁。手持反射之盾，将一切入侵者化为虚无。
239,Lilith Baroness,守护者,内敛含蓄，蓄势待发，兼具勇敢的特质,勇气激发,她是被镜界意志选中的守护者，誓死捍卫这片世界的安宁。手持反射之盾，将一切入侵者化为虚无。
240,Nimue Warden,编织者,坚韧不拔，百折不挠，兼具专注的特质,丝线编织,她的织机永不停歇，每一根丝线都是一段未完的故事。
241,Morgana Moonwhisper,猎人,孤独清高，遗世独立，兼具隐忍的特质,野兽沟通,她是镜界的追踪者，没有猎物能逃过她的追踪。梦境潜伏是她的标志。
242,Sappho The Weaver,守护者,成熟稳重，处事周全，兼具忠诚的特质,镜盾防御,作为花园的守护者，她的存在本身就是一道不可逾越的屏障。她的职责是保护那些脆弱的灵魂。
243,Hestia Silverserpent,园丁,优雅从容，气质高贵，兼具温和的特质,自然之力,在镜界的某处，有一片只有她知道的秘密花园，那里有她所有的心血与爱。
244,Terra of Sorrows,工匠,叛逆不羁，自由洒脱，兼具专注的特质,物品强化,作为工匠，她相信万物皆可重塑。即使是破碎的灵魂，在她手中也能获得新生。
245,Circe Mistress,文员,温柔如月，照亮黑暗，兼具务实的特质,流程优化,她是镜界秩序的维护者，负责管理着无数灵魂的信息档案。事务协调是她每日的职责。
246,Nimue Seawarden,学者,忠诚可靠，值得信赖，兼具理性的特质,解析之眼,作为知识的守护者，她将所见所闻记录在古老的典籍中。镜界的每一寸土地，都留有她的足迹与思考。
247,Blackrose Skysinger,神秘者,孤独清高，遗世独立，兼具神秘的特质,虚数空间,她是镜界的探索者，穿越一个又一个未知的领域。没有人知道她的过去，也没人能预测她的未来。
248,Tansy Order of the,文员,坚韧不拔，百折不挠，兼具细心的特质,资料检索,她是镜界秩序的维护者，负责管理着无数灵魂的信息档案。档案整理是她每日的职责。
249,Empress Eveningstar,占卜师,敏感细腻，感受敏锐，兼具神秘的特质,因果追溯,没有人能在她面前隐藏秘密，因为她看到的不是现在，而是因果的锁链。
250,Daisy Duskwalker,神秘者,天真烂漫，纯真无邪，兼具深沉的特质,镜中漫步,她是镜界的探索者，穿越一个又一个未知的领域。没有人知道她的过去，也没人能预测她的未来。
251,Shade of the Deep,猎人,热情如火，燃烧一切，兼具冷静的特质,诱饵布置,她是黑暗中的死神，专门收割那些不应存在于镜界的事物。
252,Aetherea Windwhisper,工匠,温柔如月，照亮黑暗，兼具精益的特质,修复之术,她的工作室藏着镜界最珍贵的秘密，每一件作品都讲述着一段独特的故事。
253,Juniper Emberheart,旅行者,优雅从容，气质高贵，兼具随性的特质,边界感知,她穿越镜界的每一个位面，以文字的方式记录着所见所闻。体验人生是她永恒的追求。
254,Lavender Mystara,梦者,冷峻如霜，洞察本质，兼具梦幻的特质,幻象创造,她是穿梭于梦境与现实的旅人，在睡意中编织着另一个世界。穿梦是她独有的天赋。
255,Gwyneth of Sorrows,战士,冲动热血，易于激动，兼具刚毅的特质,冲锋之力,以战斗为生，以胜利为荣。她是镜界最强的战士之一，从未尝过失败的滋味。
256,Hex Dreamweaver,文员,静若处子，动若脱兔，兼具条理的特质,流程优化,在堆积如山的文件之间，她找到了自己的价值。秩序是她永恒的追求。
257,Demeter Dawnlight,园丁,热情如火，燃烧一切，兼具温和的特质,花语交流,每一株植物都与她有着特殊的联系，她能听到它们的低语，感受到它们的情感。
258,Lyria The Hunter,神秘者,如风般自由，不受束缚，兼具深沉的特质,镜中漫步,她是镜界的探索者，穿越一个又一个未知的领域。没有人知道她的过去，也没人能预测她的未来。
259,Starweaver Ironforge,战士,静若处子，动若脱兔，兼具热血的特质,防御姿态,她是镜界的战斗专家，镜刃是她最信赖的伙伴。每一次挥剑都是对敌人的致命威胁。
260,Vivienne The Wanderer,神秘者,内敛含蓄，蓄势待发，兼具神秘的特质,异界召唤,行走于现实与虚幻的边界，她掌握着常人无法理解的秘术。梦境编织是她的招牌，神秘而强大。
261,Aspen Thornwood,守护者,坚韧不拔，百折不挠，兼具坚定的特质,牺牲庇护,她是被镜界意志选中的守护者，誓死捍卫这片世界的安宁。手持反射之盾，将一切入侵者化为虚无。
262,Hestia Mystara,学者,神秘莫测，深不可测，兼具严谨的特质,文献解读,她是镜界最博学的灵魂之一，历史领域的权威。虽然性格外向，却乐于分享自己的发现。
263,Rowan Shadowdancer,学者,热情如火，燃烧一切，兼具内敛的特质,推演之力,她是镜界最博学的灵魂之一，艺术领域的权威。虽然性格严谨，却乐于分享自己的发现。
264,Persephone of the North,神秘者,犹豫不决，优柔寡断，兼具神秘的特质,镜中漫步,神秘笼罩着她的身影，在镜界的角落，总能发现她留下的奇异痕迹。她的目的是她永恒的谜题。
265,Violet Flamekeeper,神,热情如火，燃烧一切，兼具威严的特质,法则书写,她是镜界的创世神灵之一，掌管着梦境的法则。在虚空中诞生，以智慧之姿守护着这个精神世界的运转。
266,Elara Silvermist,学者,热情如火，燃烧一切，兼具严谨的特质,文献解读,作为知识的守护者，她将所见所闻记录在古老的典籍中。镜界的每一寸土地，都留有她的足迹与思考。
267,Victoria Warden,守护者,叛逆不羁，自由洒脱，兼具坚定的特质,结界展开,她曾是普通的灵魂，但镜界的危机唤醒了她内心的力量。如今，她以守护者之名，守护着每一片土地。
268,Demeter The Wanderer,神秘者,冷峻如霜，洞察本质，兼具好奇的特质,梦境编织,行走于现实与虚幻的边界，她掌握着常人无法理解的秘术。虚数空间是她的招牌，神秘而强大。
269,Starweaver Mistress,战士,慈悲为怀，怜爱众生，兼具热血的特质,武器精通,她是镜界的战斗专家，双刃是她最信赖的伙伴。每一次挥剑都是对敌人的致命威胁。
270,Sable Shadowmere,文员,内敛含蓄，蓄势待发，兼具条理的特质,文书魔法,在堆积如山的文件之间，她找到了自己的价值。秩序是她永恒的追求。
271,Vampira Earthshaker,医者,聪慧机敏，反应敏捷，兼具无私的特质,健康守护,慈悲是她的本性，无论灵魂因何受伤，她都会伸出援手。医者仁心，说的便是她。
272,Ebony Circle of,旅行者,内敛含蓄，蓄势待发，兼具开放的特质,方位直觉,没有灵魂比她走过更多的镜界角落。脚步不停，风景不止，这是她唯一的信条。
273,Tempest of Starlight,守望者,冲动热血，易于激动，兼具警觉的特质,预警传递,她永远站在镜界的边界，注视着可能到来的威胁。深渊是她守望的目标。
274,Bellatrix Enigmatica,神秘者,犹豫不决，优柔寡断，兼具神秘的特质,梦境编织,她是镜界的探索者，穿越一个又一个未知的领域。没有人知道她的过去，也没人能预测她的未来。
275,Morgan le Fay Nightwalker,编织者,慈悲为怀，怜爱众生，兼具专注的特质,命运编织,命运之线在她指尖流转，能够编织出无限的可能。她是少数能触碰因果的存在。
276,Lavender Warden,诗人,执着坚定，矢志不渝，兼具敏感的特质,灵魂诗篇,以诗为剑，以词为盾。她的诗句拥有超越文字本身的力量，能够触动最坚硬的心。
277,Iris Celestine,旅行者,豁达乐观，笑看风云，兼具自由的特质,边界感知,没有灵魂比她走过更多的镜界角落。脚步不停，风景不止，这是她唯一的信条。
278,Nyx Stormwind,守护者,温柔如月，照亮黑暗，兼具勇敢的特质,结界展开,她是被镜界意志选中的守护者，誓死捍卫这片世界的安宁。手持反射之盾，将一切入侵者化为虚无。
279,Marigold Brightblade,占卜师,优雅从容，气质高贵，兼具超然的特质,未来预见,作为占卜师，她知道太多不该知道的事。有时，她希望自己从未拥有这份能力。
280,Athena Shadowmere,战士,豁达乐观，笑看风云，兼具果敢的特质,镜斩,她是镜界的战斗专家，暗矛是她最信赖的伙伴。每一次挥剑都是对敌人的致命威胁。
281,Thalindra Crystalvale,旅行者,敏感细腻，感受敏锐，兼具自由的特质,旅途指引,没有灵魂比她走过更多的镜界角落。脚步不停，风景不止，这是她唯一的信条。
282,Starweaver Order of the,守护者,冷峻如霜，洞察本质，兼具勇敢的特质,勇气激发,她曾是普通的灵魂，但镜界的危机唤醒了她内心的力量。如今，她以守护者之名，守护着每一片土地。
283,Thalindra The Weaver,医者,如风般自由，不受束缚，兼具细腻的特质,生命复苏,她掌握着生命的奥秘，能够缝合最深的创伤。在镜界，她是最受敬重的存在之一。
284,Ivoryl Nightwalker,占卜师,豁达乐观，笑看风云，兼具深沉的特质,命运窥探,没有人能在她面前隐藏秘密，因为她看到的不是现在，而是因果的锁链。
285,Lady of Starlight,诗人,狡黠聪慧，智计百出，兼具理想的特质,文字魔法,在镜界的寂静角落，她低声吟唱着自己的诗篇。那些词语如同星尘，洒落在这片世界。
286,Hex Mistress,医者,执着坚定，矢志不渝，兼具温柔的特质,药草调配,慈悲是她的本性，无论灵魂因何受伤，她都会伸出援手。医者仁心，说的便是她。
287,Seraphelle Nightshade,梦者,忠诚可靠，值得信赖，兼具敏感的特质,幻象创造,梦境是她最熟悉的领域，在那里她拥有绝对的主宰权。醒来的人们往往不记得她的存在。
288,Lady Order of the,守望者,孤独清高，遗世独立，兼具沉默的特质,监视之塔,在最高的塔楼上，她日夜注视着地平线。即使风暴将至，她也不会退缩。
289,Empress Eclipse,猎人,犹豫不决，优柔寡断，兼具隐忍的特质,野兽沟通,在阴影中潜行，在静默中出击。她的猎杀精准而优雅，如同艺术一般。
290,Clio of Starlight,战士,狡黠聪慧，智计百出，兼具果敢的特质,战意沸腾,以战斗为生，以胜利为荣。她是镜界最强的战士之一，从未尝过失败的滋味。
291,Onyx Conclave of,猎人,如风般自由，不受束缚，兼具冷静的特质,追踪术,她是黑暗中的死神，专门收割那些不应存在于镜界的事物。
292,Lenobia Dawnbreaker,歌者,坚韧不拔，百折不挠，兼具感性的特质,天籁之音,每首歌曲都是一段旅程，每个音符都是一缕情感。她的声音是镜界最美的礼物。
293,Ebony Phantom,工匠,慈悲为怀，怜爱众生，兼具务实的特质,锻造秘法,她的工作室藏着镜界最珍贵的秘密，每一件作品都讲述着一段独特的故事。
294,Sable Maidens,战士,热情开朗，光芒四射，兼具坚毅的特质,反射之刃,战场是她唯一的归宿，刀光剑影中诠释着生命的意义。她的存在让黑暗势力闻风丧胆。
295,Lady Whitewyrm,神秘者,内敛含蓄，蓄势待发，兼具深沉的特质,异界召唤,她是镜界的探索者，穿越一个又一个未知的领域。没有人知道她的过去，也没人能预测她的未来。
296,Lyria Moonbinder,守墓者,天真烂漫，纯真无邪，兼具沉稳的特质,寂静之力,在镜界的边缘，在遗忘的角落，她默默守望着那些不再醒来的人。
297,Rosemary Arcanum,梦者,优雅从容，气质高贵，兼具敏感的特质,幻象创造,她的睡眠比常人更长，因为对她而言，梦境才是真正的现实。
298,Arabella of Shadows,学者,孤独清高，遗世独立，兼具严谨的特质,文献解读,作为知识的守护者，她将所见所闻记录在古老的典籍中。镜界的每一寸土地，都留有她的足迹与思考。
299,Fern Nebula,医者,温柔如月，照亮黑暗，兼具细腻的特质,治愈之光,她是镜界的治愈者，游走于受伤的灵魂之间。魔法是她治愈伤痛的方式。
300,Willow Ashford,战士,天真烂漫，纯真无邪，兼具坚毅的特质,战意沸腾,以战斗为生，以胜利为荣。她是镜界最强的战士之一，从未尝过失败的滋味。
301,Flora Circle of,歌者,坚韧不拔，百折不挠，兼具感性的特质,安魂之曲,她的歌声能穿透镜界的每一个角落。安魂曲是她最擅长的曲调，令人沉醉不已。
302,Terra Nebula,守墓者,如风般自由，不受束缚，兼具沉稳的特质,灵魂引导,在镜界的边缘，在遗忘的角落，她默默守望着那些不再醒来的人。
303,Ivoryl Maidens,战士,静若处子，动若脱兔，兼具刚毅的特质,战斗本能,她是镜界的战斗专家，光剑是她最信赖的伙伴。每一次挥剑都是对敌人的致命威胁。
304,Hecate The Weaver,战士,叛逆不羁，自由洒脱，兼具热血的特质,反射之刃,战场是她唯一的归宿，刀光剑影中诠释着生命的意义。她的存在让黑暗势力闻风丧胆。
305,Midnight Voidtouched,学者,冷峻如霜，洞察本质，兼具内敛的特质,记忆图书馆,作为知识的守护者，她将所见所闻记录在古老的典籍中。镜界的每一寸土地，都留有她的足迹与思考。
306,Aspen Nebula,守墓者,天真烂漫，纯真无邪，兼具沉稳的特质,遗忘之雾,死亡对她而言不是终结，而是另一种开始。她为每一个离去的灵魂指引方向。
307,Elysium Windwhisper,猎人,坚韧不拔，百折不挠，兼具隐忍的特质,诱饵布置,在阴影中潜行，在静默中出击。她的猎杀精准而优雅，如同艺术一般。
308,Shadow The Seeker,占卜师,优雅从容，气质高贵，兼具洞察的特质,未来预见,没有人能在她面前隐藏秘密，因为她看到的不是现在，而是因果的锁链。
309,Rhiannon Baroness,占卜师,忠诚可靠，值得信赖，兼具深沉的特质,吉凶判断,她能窥见命运的丝线，预知未来的轮廓。茶叶是她解读命运的方式。
310,Elara Sentinel,旅行者,坚韧不拔，百折不挠，兼具随性的特质,距离消弭,作为流浪者，她不属于任何地方，却也属于任何地方。每一次相遇都是命运的安排，每一次分别都是新的开始。
311,Clementine Mistress,神秘者,温柔如月，照亮黑暗，兼具深沉的特质,记忆窥探,行走于现实与虚幻的边界，她掌握着常人无法理解的秘术。幻影术是她的招牌，神秘而强大。
312,Lenobia Winterborne,文员,冲动热血，易于激动，兼具务实的特质,文书魔法,她是镜界秩序的维护者，负责管理着无数灵魂的信息档案。事务协调是她每日的职责。
313,Calista Obscura,收藏家,优雅从容，气质高贵，兼具内敛的特质,宝物鉴定,她收集镜界所有珍奇的事物，记忆碎片是她最珍贵的藏品。
314,Victoria Twilight,战士,神秘莫测，深不可测，兼具刚毅的特质,冲锋之力,以战斗为生，以胜利为荣。她是镜界最强的战士之一，从未尝过失败的滋味。
315,Terra Stormcaller,战士,忠诚可靠，值得信赖，兼具热血的特质,战斗本能,她是镜界的战斗专家，暗矛是她最信赖的伙伴。每一次挥剑都是对敌人的致命威胁。
316,Seraphelle Blackwood,旅行者,忠诚可靠，值得信赖，兼具随性的特质,坐标锁定,没有灵魂比她走过更多的镜界角落。脚步不停，风景不止，这是她唯一的信条。
317,Bloodmoon The Seeker,收藏家,执着坚定，矢志不渝，兼具挑剔的特质,物品识别,她收集镜界所有珍奇的事物，神秘宝石是她最珍贵的藏品。
318,Arilyn Enigmatica,工匠,静若处子，动若脱兔，兼具精益的特质,锻造秘法,作为工匠，她相信万物皆可重塑。即使是破碎的灵魂，在她手中也能获得新生。
319,Sable Stormwind,歌者,静若处子，动若脱兔，兼具热情的特质,安魂之曲,天籁之音，绕梁三日。她用歌声抚慰受伤的灵魂，用旋律点亮黑暗的角落。
320,Umbra Ironforge,神秘者,天真烂漫，纯真无邪，兼具深沉的特质,记忆窥探,行走于现实与虚幻的边界，她掌握着常人无法理解的秘术。镜中漫步是她的招牌，神秘而强大。
321,Duchess Nightwalker,园丁,豁达乐观，笑看风云，兼具细腻的特质,生命培育,在镜界的某处，有一片只有她知道的秘密花园，那里有她所有的心血与爱。
322,Yarrow Priestess,歌者,忠诚可靠，值得信赖，兼具热情的特质,安魂之曲,她的歌声能穿透镜界的每一个角落。安魂曲是她最擅长的曲调，令人沉醉不已。
323,Ravenna Keeper,守墓者,忠诚可靠，值得信赖，兼具淡泊的特质,死亡凝视,死亡对她而言不是终结，而是另一种开始。她为每一个离去的灵魂指引方向。
324,Wolfsbane Whitewyrm,守墓者,叛逆不羁，自由洒脱，兼具淡泊的特质,遗忘之雾,在镜界的边缘，在遗忘的角落，她默默守望着那些不再醒来的人。
325,Circe Starfall,猎人,成熟稳重，处事周全，兼具隐忍的特质,追踪术,在阴影中潜行，在静默中出击。她的猎杀精准而优雅，如同艺术一般。
326,Morgana Stormwind,占卜师,聪慧机敏，反应敏捷，兼具超然的特质,预兆感知,作为占卜师，她知道太多不该知道的事。有时，她希望自己从未拥有这份能力。
327,Nimue Crimsonveil,旅行者,神秘莫测，深不可测，兼具自由的特质,路径记忆,她穿越镜界的每一个位面，以文字的方式记录着所见所闻。寻找同类是她永恒的追求。
328,Wrath Blackdragon,神秘者,神秘莫测，深不可测，兼具深沉的特质,记忆窥探,行走于现实与虚幻的边界，她掌握着常人无法理解的秘术。镜中漫步是她的招牌，神秘而强大。
329,Onyx Stormcaller,歌者,慈悲为怀，怜爱众生，兼具感性的特质,音波攻击,她的歌声能穿透镜界的每一个角落。战歌是她最擅长的曲调，令人沉醉不已。
330,Lyria Arcanum,医者,内敛含蓄，蓄势待发，兼具仁慈的特质,治愈之光,她是镜界的治愈者，游走于受伤的灵魂之间。草药是她治愈伤痛的方式。
331,Ariadne Starweaver,猎人,内敛含蓄，蓄势待发，兼具隐忍的特质,暗影潜行,她是镜界的追踪者，没有猎物能逃过她的追踪。光明追踪是她的标志。
332,Catalina of Sorrows,守护者,冷峻如霜，洞察本质，兼具果敢的特质,反射攻击,她曾是普通的灵魂，但镜界的危机唤醒了她内心的力量。如今，她以守护者之名，守护着每一片土地。
333,Terpsichore Arcanum,占卜师,热情如火，燃烧一切，兼具深沉的特质,因果追溯,作为占卜师，她知道太多不该知道的事。有时，她希望自己从未拥有这份能力。
334,Catalina Shadowdancer,守望者,孤独清高，遗世独立，兼具沉默的特质,边界巡逻,孤独是她的伴侣，但她从未抱怨。因为她知道，她的职责关乎整个镜界的安危。
335,Lenobia The Keeper,园丁,孤独清高，遗世独立，兼具细腻的特质,绿意盎然,在镜界的某处，有一片只有她知道的秘密花园，那里有她所有的心血与爱。
336,Sylvara of the Abyss,园丁,优雅从容，气质高贵，兼具朴实的特质,花语交流,每一株植物都与她有着特殊的联系，她能听到它们的低语，感受到它们的情感。
337,Charlotte of the North,收藏家,孤独清高，遗世独立，兼具博学的特质,收集之力,在她的宝库中，藏着无数人终其一生都见不到的珍宝。而她，只在等待懂它的人。
338,Ravenna Blackdragon,医者,成熟稳重，处事周全，兼具细腻的特质,药草调配,她掌握着生命的奥秘，能够缝合最深的创伤。在镜界，她是最受敬重的存在之一。
339,Bellatrix Bloodthorn,收藏家,冲动热血，易于激动，兼具挑剔的特质,收藏管理,在她的宝库中，藏着无数人终其一生都见不到的珍宝。而她，只在等待懂它的人。
340,Flora of Shadows,战士,冷峻如霜，洞察本质，兼具热血的特质,战意沸腾,她是镜界的战斗专家，镜刃是她最信赖的伙伴。每一次挥剑都是对敌人的致命威胁。
341,Elysium Dawnbreaker,梦者,叛逆不羁，自由洒脱，兼具超脱的特质,噩梦封印,她的睡眠比常人更长，因为对她而言，梦境才是真正的现实。
342,Lilith Mistress,守护者,叛逆不羁，自由洒脱，兼具坚定的特质,镜盾防御,她是被镜界意志选中的守护者，誓死捍卫这片世界的安宁。手持反射之盾，将一切入侵者化为虚无。
343,Obsidian Duskwalker,医者,成熟稳重，处事周全，兼具仁慈的特质,生命灌注,她掌握着生命的奥秘，能够缝合最深的创伤。在镜界，她是最受敬重的存在之一。
344,Sage Windwhisper,歌者,执着坚定，矢志不渝，兼具开朗的特质,音波攻击,每首歌曲都是一段旅程，每个音符都是一缕情感。她的声音是镜界最美的礼物。
345,Lady The Wanderer,神秘者,狡黠聪慧，智计百出，兼具深沉的特质,符文刻写,行走于现实与虚幻的边界，她掌握着常人无法理解的秘术。虚数空间是她的招牌，神秘而强大。
346,Tempest of the North,工匠,执着坚定，矢志不渝，兼具精益的特质,锻造秘法,她制作的每件物品都蕴含着特殊的魔力。{craft}是她最擅长的技艺，作品遍布整个镜界。
347,Terpsichore Eveningstar,占卜师,神秘莫测，深不可测，兼具深沉的特质,预兆感知,没有人能在她面前隐藏秘密，因为她看到的不是现在，而是因果的锁链。
348,Demeter Eclipse,战士,冷峻如霜，洞察本质，兼具果敢的特质,战斗本能,战场是她唯一的归宿，刀光剑影中诠释着生命的意义。她的存在让黑暗势力闻风丧胆。
349,Terra Windwhisper,神,狡黠聪慧，智计百出，兼具冷漠的特质,命运编织,她是镜界的创世神灵之一，掌管着光的法则。在虚空中诞生，以力量之姿守护着这个精神世界的运转。
350,Ivy Arcanum,占卜师,慈悲为怀，怜爱众生，兼具神秘的特质,宿命揭示,没有人能在她面前隐藏秘密，因为她看到的不是现在，而是因果的锁链。
351,Euterpe Dawnlight,学者,天真烂漫，纯真无邪，兼具求知的特质,学问传授,她是镜界最博学的灵魂之一，艺术领域的权威。虽然性格内向，却乐于分享自己的发现。
352,Lady Mistress,工匠,聪慧机敏，反应敏捷，兼具精益的特质,修复之术,她的工作室藏着镜界最珍贵的秘密，每一件作品都讲述着一段独特的故事。
353,Stella Mistress,学者,孤独清高，遗世独立，兼具求知的特质,记忆图书馆,作为知识的守护者，她将所见所闻记录在古老的典籍中。镜界的每一寸土地，都留有她的足迹与思考。
354,Cordelia The Witch,文员,执着坚定，矢志不渝，兼具耐心的特质,档案管理,在堆积如山的文件之间，她找到了自己的价值。秩序是她永恒的追求。
355,Artemisia The Seeker,守望者,坚韧不拔，百折不挠，兼具警觉的特质,警戒信号,她永远站在镜界的边界，注视着可能到来的威胁。边界是她守望的目标。
356,Starweaver Moonbinder,诗人,执着坚定，矢志不渝，兼具细腻的特质,灵魂诗篇,她是镜界的吟游诗人，用词句编织着灵魂的故事。每首诗歌都是一段被遗忘的记忆。
357,Shadow Moonwhisper,猎人,敏感细腻，感受敏锐，兼具敏锐的特质,诱饵布置,在阴影中潜行，在静默中出击。她的猎杀精准而优雅，如同艺术一般。
358,Guinevere Keeper,神,冲动热血，易于激动，兼具威严的特质,虚实转化,远古的神灵，在镜界形成之初便已存在。她见证了无数灵魂的诞生与消亡，以深邃的心态俯瞰这片世界。
359,Luna Arcanum,守墓者,叛逆不羁，自由洒脱，兼具沉稳的特质,永眠之门,在镜界的边缘，在遗忘的角落，她默默守望着那些不再醒来的人。
360,Juliet Shadowmere,编织者,优雅从容，气质高贵，兼具耐心的特质,网罗之力,她编织着镜界最神秘的丝线，每一根线都连接着命运的一个节点。时间之纱是她的天赋。
361,Medea Arcanum,神秘者,内敛含蓄，蓄势待发，兼具神秘的特质,梦境编织,她是镜界的探索者，穿越一个又一个未知的领域。没有人知道她的过去，也没人能预测她的未来。
362,Fern Conclave of,守护者,忠诚可靠，值得信赖，兼具果敢的特质,誓约之力,她曾是普通的灵魂，但镜界的危机唤醒了她内心的力量。如今，她以守护者之名，守护着每一片土地。
363,Wolfsbane of the Abyss,学者,成熟稳重，处事周全，兼具求知的特质,知识殿堂,她是镜界最博学的灵魂之一，历史领域的权威。虽然性格随和，却乐于分享自己的发现。
364,Aelindra Lady,学者,坚韧不拔，百折不挠，兼具严谨的特质,推演之力,作为知识的守护者，她将所见所闻记录在古老的典籍中。镜界的每一寸土地，都留有她的足迹与思考。
365,Lady Dawnbreaker,占卜师,慈悲为怀，怜爱众生，兼具洞察的特质,占卜之术,没有人能在她面前隐藏秘密，因为她看到的不是现在，而是因果的锁链。
366,Elara Nightshade,园丁,豁达乐观，笑看风云，兼具朴实的特质,生命培育,她在镜界培育着一座属于自己的花园。时之园是她精心照料的领域。
367,Ivoryl Covenant of,歌者,执着坚定，矢志不渝，兼具开朗的特质,旋律治愈,她的歌声能穿透镜界的每一个角落。挽歌是她最擅长的曲调，令人沉醉不已。
368,Ebony Winterborne,旅行者,豁达乐观，笑看风云，兼具好奇的特质,瞬移之步,她穿越镜界的每一个位面，以文字的方式记录着所见所闻。寻找同类是她永恒的追求。
369,Fern Stoneheart,猎人,执着坚定，矢志不渝，兼具冷静的特质,陷阱设置,在阴影中潜行，在静默中出击。她的猎杀精准而优雅，如同艺术一般。
370,Morgan le Fay Leafsinger,编织者,执着坚定，矢志不渝，兼具耐心的特质,命运缝补,她编织着镜界最神秘的丝线，每一根线都连接着命运的一个节点。命运之线是她的天赋。
371,Athena Mystara,守望者,慈悲为怀，怜爱众生，兼具警觉的特质,预警传递,孤独是她的伴侣，但她从未抱怨。因为她知道，她的职责关乎整个镜界的安危。
372,Lilith Nightwalker,神秘者,成熟稳重，处事周全，兼具深沉的特质,幻影术,神秘笼罩着她的身影，在镜界的角落，总能发现她留下的奇异痕迹。她的真实身份是她永恒的谜题。
373,Ivoryl The Witch,守护者,执着坚定，矢志不渝，兼具勇敢的特质,守护之壁,她是被镜界意志选中的守护者，誓死捍卫这片世界的安宁。手持反射之盾，将一切入侵者化为虚无。
374,Psyche The Weaver,神,敏感细腻，感受敏锐，兼具威严的特质,万物共鸣,远古的神灵，在镜界形成之初便已存在。她见证了无数灵魂的诞生与消亡，以冷漠的心态俯瞰这片世界。
375,Juliet Vermillion,守护者,内敛含蓄，蓄势待发，兼具坚定的特质,守护之壁,她曾是普通的灵魂，但镜界的危机唤醒了她内心的力量。如今，她以守护者之名，守护着每一片土地。
376,Fauna Duskwalker,守墓者,犹豫不决，优柔寡断，兼具宁静的特质,永眠之门,在镜界的边缘，在遗忘的角落，她默默守望着那些不再醒来的人。
377,Guinevere Starweaver,神秘者,优雅从容，气质高贵，兼具好奇的特质,梦境编织,行走于现实与虚幻的边界，她掌握着常人无法理解的秘术。梦境编织是她的招牌，神秘而强大。
378,Thalindra The Seeker,神,静若处子，动若脱兔，兼具冷漠的特质,因果操控,远古的神灵，在镜界形成之初便已存在。她见证了无数灵魂的诞生与消亡，以深邃的心态俯瞰这片世界。
379,Celestine The Weaver,编织者,神秘莫测，深不可测，兼具耐心的特质,因果织线,她编织着镜界最神秘的丝线，每一根线都连接着命运的一个节点。时间之纱是她的天赋。
380,Medea of Twilight,守望者,聪慧机敏，反应敏捷，兼具坚毅的特质,边界巡逻,她永远站在镜界的边界，注视着可能到来的威胁。虚空是她守望的目标。
381,Ebony of the Deep,猎人,神秘莫测，深不可测，兼具冷静的特质,目标锁定,她是黑暗中的死神，专门收割那些不应存在于镜界的事物。
382,Gwyneth Warden,守望者,天真烂漫，纯真无邪，兼具沉默的特质,监视之塔,她永远站在镜界的边界，注视着可能到来的威胁。边界是她守望的目标。
383,Fauna The Oracle,神秘者,聪慧机敏，反应敏捷，兼具疏离的特质,咒语吟唱,神秘笼罩着她的身影，在镜界的角落，总能发现她留下的奇异痕迹。她的目的是她永恒的谜题。
384,Heather The Hunter,工匠,执着坚定，矢志不渝，兼具耐心的特质,精工细作,她的工作室藏着镜界最珍贵的秘密，每一件作品都讲述着一段独特的故事。
385,Rhiannon Voidtouched,神秘者,犹豫不决，优柔寡断，兼具深沉的特质,符文刻写,她是镜界的探索者，穿越一个又一个未知的领域。没有人知道她的过去，也没人能预测她的未来。
386,Elysium of the Abyss,猎人,孤独清高，遗世独立，兼具隐忍的特质,陷阱设置,她是镜界的追踪者，没有猎物能逃过她的追踪。梦境潜伏是她的标志。
387,Vexira Countess,守护者,沉静如水，波澜不惊，兼具勇敢的特质,誓约之力,作为殿堂的守护者，她的存在本身就是一道不可逾越的屏障。她的职责是保护那些脆弱的灵魂。
388,Rosemary Eclipse,猎人,冷峻如霜，洞察本质，兼具隐忍的特质,暗影潜行,她是镜界的追踪者，没有猎物能逃过她的追踪。暗影猎杀是她的标志。
389,Urania Enigmatica,守护者,冲动热血，易于激动，兼具坚定的特质,誓约之力,她曾是普通的灵魂，但镜界的危机唤醒了她内心的力量。如今，她以守护者之名，守护着每一片土地。
390,Iris of the Abyss,神秘者,天真烂漫，纯真无邪，兼具好奇的特质,梦境编织,行走于现实与虚幻的边界，她掌握着常人无法理解的秘术。幻影术是她的招牌，神秘而强大。
391,Malice The Knight,神秘者,热情开朗，光芒四射，兼具神秘的特质,符文刻写,神秘笼罩着她的身影，在镜界的角落，总能发现她留下的奇异痕迹。她的起源是她永恒的谜题。
392,Darkwind Astral,诗人,坚韧不拔，百折不挠，兼具细腻的特质,意境共鸣,她是镜界的吟游诗人，用词句编织着灵魂的故事。每首诗歌都是一段被遗忘的记忆。
393,Lavender Ashford,战士,热情如火，燃烧一切，兼具果敢的特质,防御姿态,以战斗为生，以胜利为荣。她是镜界最强的战士之一，从未尝过失败的滋味。
394,Guinevere Maidens,战士,优雅从容，气质高贵，兼具热血的特质,连击之术,战场是她唯一的归宿，刀光剑影中诠释着生命的意义。她的存在让黑暗势力闻风丧胆。
395,Rosemary Bloodthorn,守望者,犹豫不决，优柔寡断，兼具沉默的特质,危险感知,在最高的塔楼上，她日夜注视着地平线。即使风暴将至，她也不会退缩。
396,Arilyn Sentinel,守护者,成熟稳重，处事周全，兼具坚定的特质,牺牲庇护,她是被镜界意志选中的守护者，誓死捍卫这片世界的安宁。手持反射之盾，将一切入侵者化为虚无。
397,Lilith The Keeper,守护者,如风般自由，不受束缚，兼具果敢的特质,牺牲庇护,她是被镜界意志选中的守护者，誓死捍卫这片世界的安宁。手持反射之盾，将一切入侵者化为虚无。
398,Fauna Silverserpent,医者,慈悲为怀，怜爱众生，兼具无私的特质,药草调配,慈悲是她的本性，无论灵魂因何受伤，她都会伸出援手。医者仁心，说的便是她。
399,Moonshade The Sage,园丁,冲动热血，易于激动，兼具细腻的特质,花语交流,她在镜界培育着一座属于自己的花园。时之园是她精心照料的领域。
400,Artemis Ironforge,学者,如风般自由，不受束缚，兼具理性的特质,学问传授,她是镜界最博学的灵魂之一，神秘学领域的权威。虽然性格外向，却乐于分享自己的发现。
401,Sin Sentinel,梦者,热情如火，燃烧一切，兼具敏感的特质,幻象创造,梦境是她最熟悉的领域，在那里她拥有绝对的主宰权。醒来的人们往往不记得她的存在。
402,Hex The Knight,收藏家,忠诚可靠，值得信赖，兼具挑剔的特质,宝库构建,每件藏品都有它的故事，每个故事她都能娓娓道来。她是镜界最博学的收藏家。
403,Catalina Winterborne,医者,如风般自由，不受束缚，兼具细腻的特质,治愈之光,她是镜界的治愈者，游走于受伤的灵魂之间。音乐是她治愈伤痛的方式。
404,Iris Ashford,神秘者,聪慧机敏，反应敏捷，兼具神秘的特质,符文刻写,神秘笼罩着她的身影，在镜界的角落，总能发现她留下的奇异痕迹。她的过去是她永恒的谜题。
405,Dawnwhisper The Keeper,歌者,热情开朗，光芒四射，兼具灵动的特质,鼓舞之力,每首歌曲都是一段旅程，每个音符都是一缕情感。她的声音是镜界最美的礼物。
406,Yarrow Voidtouched,学者,聪慧机敏，反应敏捷，兼具严谨的特质,解析之眼,她穷尽一生追寻镜界的真理，图书馆是她最常停留的地方。记忆之海是她研究的核心课题。
407,Morgana Leafsinger,神秘者,执着坚定，矢志不渝，兼具深沉的特质,幻影术,神秘笼罩着她的身影，在镜界的角落，总能发现她留下的奇异痕迹。她的起源是她永恒的谜题。
408,Vexira The Hunter,占卜师,执着坚定，矢志不渝，兼具洞察的特质,命数演算,作为占卜师，她知道太多不该知道的事。有时，她希望自己从未拥有这份能力。
409,Ebony The Wanderer,守护者,执着坚定，矢志不渝，兼具忠诚的特质,镜盾防御,她是被镜界意志选中的守护者，誓死捍卫这片世界的安宁。手持反射之盾，将一切入侵者化为虚无。
410,Lenobia Stoneheart,工匠,静若处子，动若脱兔，兼具耐心的特质,炼金术,她的工作室藏着镜界最珍贵的秘密，每一件作品都讲述着一段独特的故事。
411,Rosalind Maidens,神秘者,静若处子，动若脱兔，兼具疏离的特质,幻影术,她是镜界的探索者，穿越一个又一个未知的领域。没有人知道她的过去，也没人能预测她的未来。
412,Morrigan Darkhollow,守墓者,敏感细腻，感受敏锐，兼具淡泊的特质,轮回指引,在镜界的边缘，在遗忘的角落，她默默守望着那些不再醒来的人。
413,Crimson The Hunter,梦者,聪慧机敏，反应敏捷，兼具敏感的特质,预知之梦,她是穿梭于梦境与现实的旅人，在睡意中编织着另一个世界。造梦是她独有的天赋。
414,Elder Phantom,神秘者,冷峻如霜，洞察本质，兼具深沉的特质,异界召唤,行走于现实与虚幻的边界，她掌握着常人无法理解的秘术。幻影术是她的招牌，神秘而强大。
415,Clio Sentinel,文员,叛逆不羁，自由洒脱，兼具耐心的特质,文书魔法,她是镜界秩序的维护者，负责管理着无数灵魂的信息档案。事务协调是她每日的职责。
416,Elisabeth Conclave of,神秘者,狡黠聪慧，智计百出，兼具好奇的特质,幻影术,神秘笼罩着她的身影，在镜界的角落，总能发现她留下的奇异痕迹。她的过去是她永恒的谜题。
417,Selene The Seeker,工匠,成熟稳重，处事周全，兼具专注的特质,锻造秘法,她的工作室藏着镜界最珍贵的秘密，每一件作品都讲述着一段独特的故事。
418,Ariadne Riverdancer,神,孤独清高，遗世独立，兼具慈悲的特质,时空扭曲,远古的神灵，在镜界形成之初便已存在。她见证了无数灵魂的诞生与消亡，以喜悦的心态俯瞰这片世界。
419,Circe Keeper,猎人,热情如火，燃烧一切，兼具敏锐的特质,暗影潜行,她是黑暗中的死神，专门收割那些不应存在于镜界的事物。
420,Seraphelle Dreamweaver,歌者,敏感细腻，感受敏锐，兼具感性的特质,歌声诱惑,每首歌曲都是一段旅程，每个音符都是一缕情感。她的声音是镜界最美的礼物。
421,Marguerite Circle of,守护者,沉静如水，波澜不惊，兼具勇敢的特质,牺牲庇护,作为边境的守护者，她的存在本身就是一道不可逾越的屏障。她的职责是保护那些脆弱的灵魂。
422,Heather Warden,旅行者,天真烂漫，纯真无邪，兼具自由的特质,瞬移之步,没有灵魂比她走过更多的镜界角落。脚步不停，风景不止，这是她唯一的信条。
423,Ariadne The Knight,梦者,冲动热血，易于激动，兼具敏感的特质,噩梦封印,梦境是她最熟悉的领域，在那里她拥有绝对的主宰权。醒来的人们往往不记得她的存在。
424,Bloodmoon Frostbane,守护者,坚韧不拔，百折不挠，兼具勇敢的特质,净化之光,她曾是普通的灵魂，但镜界的危机唤醒了她内心的力量。如今，她以守护者之名，守护着每一片土地。
425,Yarrow Guardian,医者,内敛含蓄，蓄势待发，兼具无私的特质,伤痛抚慰,她是镜界的治愈者，游走于受伤的灵魂之间。触碰是她治愈伤痛的方式。
426,Calista Skysinger,守护者,叛逆不羁，自由洒脱，兼具果敢的特质,守护之壁,她曾是普通的灵魂，但镜界的危机唤醒了她内心的力量。如今，她以守护者之名，守护着每一片土地。
427,Calista Covenant of,神,忠诚可靠，值得信赖，兼具威严的特质,灵魂塑造,远古的神灵，在镜界形成之初便已存在。她见证了无数灵魂的诞生与消亡，以平静的心态俯瞰这片世界。
428,Marguerite of Shadows,园丁,敏感细腻，感受敏锐，兼具温和的特质,自然之力,每一株植物都与她有着特殊的联系，她能听到它们的低语，感受到它们的情感。
429,Morgan le Fay Earthshaker,神秘者,豁达乐观，笑看风云，兼具神秘的特质,符文刻写,行走于现实与虚幻的边界，她掌握着常人无法理解的秘术。镜中漫步是她的招牌，神秘而强大。
430,Empress Thornwood,工匠,静若处子，动若脱兔，兼具耐心的特质,精工细作,她的工作室藏着镜界最珍贵的秘密，每一件作品都讲述着一段独特的故事。
431,Persephone Winterborne,园丁,执着坚定，矢志不渝，兼具细腻的特质,生长引导,每一株植物都与她有着特殊的联系，她能听到它们的低语，感受到它们的情感。
432,Morticia The Seeker,守墓者,狡黠聪慧，智计百出，兼具宁静的特质,死亡凝视,在镜界的边缘，在遗忘的角落，她默默守望着那些不再醒来的人。
433,Victoria Starfall,神秘者,忠诚可靠，值得信赖，兼具好奇的特质,梦境编织,神秘笼罩着她的身影，在镜界的角落，总能发现她留下的奇异痕迹。她的目的是她永恒的谜题。
434,Ivy Maidens,神,执着坚定，矢志不渝，兼具威严的特质,灵魂塑造,作为高位存在，她的力量与镜界本源相连。每当镜界出现裂痕，她便以修补之力修补，维持着世界的平衡。
435,Tempest Stoneheart,工匠,忠诚可靠，值得信赖，兼具耐心的特质,造物之力,她的工作室藏着镜界最珍贵的秘密，每一件作品都讲述着一段独特的故事。
436,Juniper Voidtouched,工匠,如风般自由，不受束缚，兼具务实的特质,锻造秘法,她制作的每件物品都蕴含着特殊的魔力。{craft}是她最擅长的技艺，作品遍布整个镜界。
437,Lady Lady,旅行者,成熟稳重，处事周全，兼具好奇的特质,旅途指引,作为流浪者，她不属于任何地方，却也属于任何地方。每一次相遇都是命运的安排，每一次分别都是新的开始。
438,Vivienne Conclave of,梦者,优雅从容，气质高贵，兼具敏感的特质,梦境操控,梦境是她最熟悉的领域，在那里她拥有绝对的主宰权。醒来的人们往往不记得她的存在。
439,Fauna Mystara,占卜师,沉静如水，波澜不惊，兼具洞察的特质,预兆感知,她能窥见命运的丝线，预知未来的轮廓。水晶球是她解读命运的方式。
440,Morgan le Fay Riverdancer,旅行者,天真烂漫，纯真无邪，兼具随性的特质,边界感知,她穿越镜界的每一个位面，以文字的方式记录着所见所闻。寻找真相是她永恒的追求。
441,Sable Arcanum,猎人,执着坚定，矢志不渝，兼具果断的特质,伏击战术,在阴影中潜行，在静默中出击。她的猎杀精准而优雅，如同艺术一般。
442,Fern Silverserpent,神,敏感细腻，感受敏锐，兼具高傲的特质,时空扭曲,作为高位存在，她的力量与镜界本源相连。每当镜界出现裂痕，她便以融合之力修补，维持着世界的平衡。
443,Circe The Knight,旅行者,聪慧机敏，反应敏捷，兼具自由的特质,方位直觉,作为流浪者，她不属于任何地方，却也属于任何地方。每一次相遇都是命运的安排，每一次分别都是新的开始。
444,Athena Keeper,神秘者,优雅从容，气质高贵，兼具好奇的特质,虚数空间,行走于现实与虚幻的边界，她掌握着常人无法理解的秘术。幻影术是她的招牌，神秘而强大。
445,Elder The Seeker,诗人,优雅从容，气质高贵，兼具细腻的特质,文字魔法,以诗为剑，以词为盾。她的诗句拥有超越文字本身的力量，能够触动最坚硬的心。
446,Ebony Celestine,医者,豁达乐观，笑看风云，兼具无私的特质,净化毒素,她是镜界的治愈者，游走于受伤的灵魂之间。音乐是她治愈伤痛的方式。
447,Marigold Blackwood,神秘者,冲动热血，易于激动，兼具深沉的特质,虚数空间,行走于现实与虚幻的边界，她掌握着常人无法理解的秘术。镜中漫步是她的招牌，神秘而强大。
448,Countess Keeper,梦者,天真烂漫，纯真无邪，兼具敏感的特质,预知之梦,她的睡眠比常人更长，因为对她而言，梦境才是真正的现实。
449,Obsidian The Seeker,神秘者,如风般自由，不受束缚，兼具好奇的特质,记忆窥探,她是镜界的探索者，穿越一个又一个未知的领域。没有人知道她的过去，也没人能预测她的未来。
450,Stella Emberheart,文员,天真烂漫，纯真无邪，兼具耐心的特质,档案管理,她是镜界秩序的维护者，负责管理着无数灵魂的信息档案。秩序维护是她每日的职责。
451,Starweaver Order of the,战士,热情开朗，光芒四射，兼具坚毅的特质,镜斩,她是镜界的战斗专家，镜刃是她最信赖的伙伴。每一次挥剑都是对敌人的致命威胁。
452,Calliope Stoneheart,诗人,神秘莫测，深不可测，兼具浪漫的特质,灵魂诗篇,她是镜界的吟游诗人，用词句编织着灵魂的故事。每首诗歌都是一段被遗忘的记忆。
453,Ophelia Order of the,工匠,天真烂漫，纯真无邪，兼具耐心的特质,修复之术,她制作的每件物品都蕴含着特殊的魔力。{craft}是她最擅长的技艺，作品遍布整个镜界。
454,Pandora of the Abyss,工匠,神秘莫测，深不可测，兼具耐心的特质,精工细作,她制作的每件物品都蕴含着特殊的魔力。{craft}是她最擅长的技艺，作品遍布整个镜界。
455,Seraphelle of Twilight,文员,天真烂漫，纯真无邪，兼具耐心的特质,信息整理,她是镜界最不可或缺的存在之一，虽然不起眼，却维系着整个世界的运转。
456,Nocturne Vermillion,守墓者,慈悲为怀，怜爱众生，兼具沉稳的特质,遗忘之雾,在镜界的边缘，在遗忘的角落，她默默守望着那些不再醒来的人。
457,Midnight of Dreams,医者,热情如火，燃烧一切，兼具仁慈的特质,药草调配,慈悲是她的本性，无论灵魂因何受伤，她都会伸出援手。医者仁心，说的便是她。
458,Lyria Crimsonveil,神秘者,狡黠聪慧，智计百出，兼具疏离的特质,符文刻写,她是镜界的探索者，穿越一个又一个未知的领域。没有人知道她的过去，也没人能预测她的未来。
459,Morwenna Ravencroft,歌者,豁达乐观，笑看风云，兼具感性的特质,鼓舞之力,天籁之音，绕梁三日。她用歌声抚慰受伤的灵魂，用旋律点亮黑暗的角落。
460,Elysium Order of the,守望者,如风般自由，不受束缚，兼具忍耐的特质,监视之眼,孤独是她的伴侣，但她从未抱怨。因为她知道，她的职责关乎整个镜界的安危。
461,Hestia of Twilight,守护者,热情如火，燃烧一切，兼具忠诚的特质,誓约之力,她曾是普通的灵魂，但镜界的危机唤醒了她内心的力量。如今，她以守护者之名，守护着每一片土地。
462,Aria Lightbringer,诗人,温柔如月，照亮黑暗，兼具浪漫的特质,灵感迸发,以诗为剑，以词为盾。她的诗句拥有超越文字本身的力量，能够触动最坚硬的心。
463,Arabella of Dreams,编织者,静若处子，动若脱兔，兼具专注的特质,未来编织,她的织机永不停歇，每一根丝线都是一段未完的故事。
464,Empress The Sage,医者,慈悲为怀，怜爱众生，兼具细腻的特质,生命复苏,她掌握着生命的奥秘，能够缝合最深的创伤。在镜界，她是最受敬重的存在之一。
465,Tempest Darkhollow,旅行者,成熟稳重，处事周全，兼具随性的特质,路径记忆,没有灵魂比她走过更多的镜界角落。脚步不停，风景不止，这是她唯一的信条。
466,Faelina Maidens,收藏家,敏感细腻，感受敏锐，兼具博学的特质,稀有发现,她收集镜界所有珍奇的事物，记忆碎片是她最珍贵的藏品。
467,Elisabeth Starfall,医者,神秘莫测，深不可测，兼具仁慈的特质,药草调配,她掌握着生命的奥秘，能够缝合最深的创伤。在镜界，她是最受敬重的存在之一。
468,Arabella of Starlight,学者,内敛含蓄，蓄势待发，兼具内敛的特质,记忆图书馆,她穷尽一生追寻镜界的真理，图书馆是她最常停留的地方。时空法则是她研究的核心课题。
469,Clementine Moonbinder,守护者,内敛含蓄，蓄势待发，兼具坚定的特质,结界展开,作为边境的守护者，她的存在本身就是一道不可逾越的屏障。她的职责是保护那些脆弱的灵魂。
470,Starweaver Eclipse,编织者,内敛含蓄，蓄势待发，兼具耐心的特质,线术操控,命运之线在她指尖流转，能够编织出无限的可能。她是少数能触碰因果的存在。
471,Elara Blackdragon,神秘者,聪慧机敏，反应敏捷，兼具疏离的特质,咒语吟唱,她是镜界的探索者，穿越一个又一个未知的领域。没有人知道她的过去，也没人能预测她的未来。
472,Ondine Goldenlion,旅行者,执着坚定，矢志不渝，兼具自由的特质,路径记忆,作为流浪者，她不属于任何地方，却也属于任何地方。每一次相遇都是命运的安排，每一次分别都是新的开始。
473,Clio Ashford,神秘者,豁达乐观，笑看风云，兼具疏离的特质,咒语吟唱,行走于现实与虚幻的边界，她掌握着常人无法理解的秘术。梦境编织是她的招牌，神秘而强大。
474,Elara Mystara,守护者,聪慧机敏，反应敏捷，兼具果敢的特质,净化之光,作为高峰的守护者，她的存在本身就是一道不可逾越的屏障。她的职责是保护那些脆弱的灵魂。
475,Rhiannon The Knight,神秘者,热情如火，燃烧一切，兼具疏离的特质,记忆窥探,她是镜界的探索者，穿越一个又一个未知的领域。没有人知道她的过去，也没人能预测她的未来。
476,Sin Eveningstar,文员,神秘莫测，深不可测，兼具耐心的特质,流程优化,在堆积如山的文件之间，她找到了自己的价值。秩序是她永恒的追求。
477,Tansy Riverdancer,占卜师,热情开朗，光芒四射，兼具超然的特质,预兆感知,作为占卜师，她知道太多不该知道的事。有时，她希望自己从未拥有这份能力。
478,Cassandra Crystalvale,猎人,犹豫不决，优柔寡断，兼具敏锐的特质,野兽沟通,她是黑暗中的死神，专门收割那些不应存在于镜界的事物。
479,Tansy Synod of,守护者,执着坚定，矢志不渝，兼具坚定的特质,结界展开,作为深渊的守护者，她的存在本身就是一道不可逾越的屏障。她的职责是保护那些脆弱的灵魂。
480,Violet Windwhisper,神秘者,狡黠聪慧，智计百出，兼具神秘的特质,符文刻写,她是镜界的探索者，穿越一个又一个未知的领域。没有人知道她的过去，也没人能预测她的未来。
481,Onyx Frostbane,神,静若处子，动若脱兔，兼具高傲的特质,因果操控,她是镜界的创世神灵之一，掌管着光的法则。在虚空中诞生，以神秘之姿守护着这个精神世界的运转。
482,Elysium of Sorrows,守护者,神秘莫测，深不可测，兼具果敢的特质,净化之光,她曾是普通的灵魂，但镜界的危机唤醒了她内心的力量。如今，她以守护者之名，守护着每一片土地。
483,Hestia Lady,收藏家,叛逆不羁，自由洒脱，兼具执着的特质,收藏管理,在她的宝库中，藏着无数人终其一生都见不到的珍宝。而她，只在等待懂它的人。
484,Artemisia Stormwind,神秘者,狡黠聪慧，智计百出，兼具疏离的特质,符文刻写,神秘笼罩着她的身影，在镜界的角落，总能发现她留下的奇异痕迹。她的真实身份是她永恒的谜题。
485,Esmeralda Countess,战士,沉静如水，波澜不惊，兼具果敢的特质,镜斩,战场是她唯一的归宿，刀光剑影中诠释着生命的意义。她的存在让黑暗势力闻风丧胆。
486,Raven Sentinel,梦者,慈悲为怀，怜爱众生，兼具敏感的特质,噩梦封印,她是穿梭于梦境与现实的旅人，在睡意中编织着另一个世界。造梦是她独有的天赋。
487,Lavender Stormwind,学者,冲动热血，易于激动，兼具严谨的特质,解析之眼,她是镜界最博学的灵魂之一，炼金术领域的权威。虽然性格随和，却乐于分享自己的发现。
488,Ravenna Flamekeeper,工匠,豁达乐观，笑看风云，兼具耐心的特质,物品强化,作为工匠，她相信万物皆可重塑。即使是破碎的灵魂，在她手中也能获得新生。
489,Sable Conclave of,歌者,冷峻如霜，洞察本质，兼具热情的特质,天籁之音,她的歌声能穿透镜界的每一个角落。情歌是她最擅长的曲调，令人沉醉不已。
490,Onyx of the Void,园丁,坚韧不拔，百折不挠，兼具温和的特质,生长引导,在镜界的某处，有一片只有她知道的秘密花园，那里有她所有的心血与爱。
491,Malice Whitewyrm,旅行者,忠诚可靠，值得信赖，兼具开放的特质,坐标锁定,没有灵魂比她走过更多的镜界角落。脚步不停，风景不止，这是她唯一的信条。
492,Morgana Leafsinger,收藏家,优雅从容，气质高贵，兼具挑剔的特质,物品识别,她收集镜界所有珍奇的事物，古老文物是她最珍贵的藏品。
493,Elisabeth Riverdancer,旅行者,冷峻如霜，洞察本质，兼具自由的特质,空间跨越,没有灵魂比她走过更多的镜界角落。脚步不停，风景不止，这是她唯一的信条。
494,Morwenna The Knight,学者,犹豫不决，优柔寡断，兼具求知的特质,文献解读,她穷尽一生追寻镜界的真理，图书馆是她最常停留的地方。时空法则是她研究的核心课题。
495,Calista The Hunter,梦者,如风般自由，不受束缚，兼具梦幻的特质,幻象创造,她是穿梭于梦境与现实的旅人，在睡意中编织着另一个世界。解梦是她独有的天赋。
496,Nocturne Flamekeeper,守护者,静若处子，动若脱兔，兼具忠诚的特质,誓约之力,作为殿堂的守护者，她的存在本身就是一道不可逾越的屏障。她的职责是保护那些脆弱的灵魂。
497,Clementine Duskwalker,守护者,优雅从容，气质高贵，兼具坚定的特质,勇气激发,作为殿堂的守护者，她的存在本身就是一道不可逾越的屏障。她的职责是保护那些脆弱的灵魂。
498,Vampira Starweaver,神秘者,冷峻如霜，洞察本质，兼具神秘的特质,异界召唤,行走于现实与虚幻的边界，她掌握着常人无法理解的秘术。虚数空间是她的招牌，神秘而强大。
499,Isolde The Oracle,战士,狡黠聪慧，智计百出，兼具热血的特质,反射之刃,以战斗为生，以胜利为荣。她是镜界最强的战士之一，从未尝过失败的滋味。
500,Bloodmoon of Sorrows,工匠,沉静如水，波澜不惊，兼具耐心的特质,构造之力,作为工匠，她相信万物皆可重塑。即使是破碎的灵魂，在她手中也能获得新生。
501,Lady Wraithborne,编织者,冷峻如霜，洞察本质，兼具专注的特质,未来编织,她编织着镜界最神秘的丝线，每一根线都连接着命运的一个节点。因果之网是她的天赋。
502,Fern Guardian,学者,温柔如月，照亮黑暗，兼具理性的特质,解析之眼,她是镜界最博学的灵魂之一，科学领域的权威。虽然性格随和，却乐于分享自己的发现。
503,Wolfsbane Maidens,守墓者,敏感细腻，感受敏锐，兼具淡泊的特质,遗忘之雾,死亡对她而言不是终结，而是另一种开始。她为每一个离去的灵魂指引方向。
504,Bloodmoon Dreamweaver,歌者,静若处子，动若脱兔，兼具热情的特质,情绪共鸣,天籁之音，绕梁三日。她用歌声抚慰受伤的灵魂，用旋律点亮黑暗的角落。
505,Morwenna Keeper,神秘者,坚韧不拔，百折不挠，兼具深沉的特质,符文刻写,她是镜界的探索者，穿越一个又一个未知的领域。没有人知道她的过去，也没人能预测她的未来。
506,Hex The Singer,学者,优雅从容，气质高贵，兼具严谨的特质,学问传授,作为知识的守护者，她将所见所闻记录在古老的典籍中。镜界的每一寸土地，都留有她的足迹与思考。
507,Vampira of the Deep,守护者,慈悲为怀，怜爱众生，兼具勇敢的特质,誓约之力,她是被镜界意志选中的守护者，誓死捍卫这片世界的安宁。手持反射之盾，将一切入侵者化为虚无。
508,Yarrow Silvermist,工匠,温柔如月，照亮黑暗，兼具专注的特质,炼金术,她的工作室藏着镜界最珍贵的秘密，每一件作品都讲述着一段独特的故事。
509,Yarrow Countess,工匠,天真烂漫，纯真无邪，兼具专注的特质,修复之术,她制作的每件物品都蕴含着特殊的魔力。{craft}是她最擅长的技艺，作品遍布整个镜界。
510,Morrigan Mystara,战士,成熟稳重，处事周全，兼具热血的特质,战意沸腾,以战斗为生，以胜利为荣。她是镜界最强的战士之一，从未尝过失败的滋味。
511,Seraphina Emberheart,学者,犹豫不决，优柔寡断，兼具内敛的特质,知识殿堂,作为知识的守护者，她将所见所闻记录在古老的典籍中。镜界的每一寸土地，都留有她的足迹与思考。
512,Aetherea Emberheart,守墓者,冲动热血，易于激动，兼具沉稳的特质,遗忘之雾,死亡对她而言不是终结，而是另一种开始。她为每一个离去的灵魂指引方向。
513,Aetherea The Sage,文员,豁达乐观，笑看风云，兼具耐心的特质,档案管理,在堆积如山的文件之间，她找到了自己的价值。秩序是她永恒的追求。
514,Willow The Knight,神,静若处子，动若脱兔，兼具高傲的特质,命运编织,远古的神灵，在镜界形成之初便已存在。她见证了无数灵魂的诞生与消亡，以冷漠的心态俯瞰这片世界。
515,Vervain Keeper,工匠,慈悲为怀，怜爱众生，兼具耐心的特质,完美工艺,她制作的每件物品都蕴含着特殊的魔力。{craft}是她最擅长的技艺，作品遍布整个镜界。
516,Ophelia of Twilight,旅行者,敏感细腻，感受敏锐，兼具好奇的特质,旅途指引,她穿越镜界的每一个位面，以声音的方式记录着所见所闻。记录美好是她永恒的追求。
517,Aspen Arcanum,战士,神秘莫测，深不可测，兼具热血的特质,战意沸腾,战场是她唯一的归宿，刀光剑影中诠释着生命的意义。她的存在让黑暗势力闻风丧胆。
518,Lavender Moonbinder,学者,聪慧机敏，反应敏捷，兼具理性的特质,智慧之眼,作为知识的守护者，她将所见所闻记录在古老的典籍中。镜界的每一寸土地，都留有她的足迹与思考。
519,Shade Warden,诗人,沉静如水，波澜不惊，兼具细腻的特质,韵律操控,她是镜界的吟游诗人，用词句编织着灵魂的故事。每首诗歌都是一段被遗忘的记忆。
520,Elowen The Seeker,歌者,叛逆不羁，自由洒脱，兼具灵动的特质,鼓舞之力,她的歌声能穿透镜界的每一个角落。战歌是她最擅长的曲调，令人沉醉不已。
521,Vesper Keeper,神,内敛含蓄，蓄势待发，兼具慈悲的特质,法则书写,远古的神灵，在镜界形成之初便已存在。她见证了无数灵魂的诞生与消亡，以深邃的心态俯瞰这片世界。
522,Aria The Sage,猎人,敏感细腻，感受敏锐，兼具冷静的特质,伏击战术,她是镜界的追踪者，没有猎物能逃过她的追踪。梦境潜伏是她的标志。
523,Morrigan Shadowdancer,学者,静若处子，动若脱兔，兼具严谨的特质,记忆图书馆,作为知识的守护者，她将所见所闻记录在古老的典籍中。镜界的每一寸土地，都留有她的足迹与思考。
524,Cordelia of the Deep,守护者,狡黠聪慧，智计百出，兼具勇敢的特质,结界展开,她是被镜界意志选中的守护者，誓死捍卫这片世界的安宁。手持反射之盾，将一切入侵者化为虚无。
525,Isolde Gloaming,工匠,坚韧不拔，百折不挠，兼具耐心的特质,锻造秘法,她制作的每件物品都蕴含着特殊的魔力。{craft}是她最擅长的技艺，作品遍布整个镜界。
526,Ondine Dame,收藏家,热情开朗，光芒四射，兼具内敛的特质,珍藏守护,她收集镜界所有珍奇的事物，古老文物是她最珍贵的藏品。
527,Nyxara Duskwalker,收藏家,狡黠聪慧，智计百出，兼具执着的特质,宝物鉴定,她收集镜界所有珍奇的事物，神秘宝石是她最珍贵的藏品。
528,Gwyneth of Twilight,战士,内敛含蓄，蓄势待发，兼具热血的特质,战斗本能,战场是她唯一的归宿，刀光剑影中诠释着生命的意义。她的存在让黑暗势力闻风丧胆。
529,Morwenna Wraithborne,医者,内敛含蓄，蓄势待发，兼具温柔的特质,药草调配,她掌握着生命的奥秘，能够缝合最深的创伤。在镜界，她是最受敬重的存在之一。
530,Psyche The Hunter,守护者,成熟稳重，处事周全，兼具坚定的特质,勇气激发,她是被镜界意志选中的守护者，誓死捍卫这片世界的安宁。手持反射之盾，将一切入侵者化为虚无。
531,Circe Crimsonveil,守护者,冲动热血，易于激动，兼具果敢的特质,镜盾防御,她曾是普通的灵魂，但镜界的危机唤醒了她内心的力量。如今，她以守护者之名，守护着每一片土地。
532,Vivienne Emberheart,学者,热情开朗，光芒四射，兼具内敛的特质,推演之力,作为知识的守护者，她将所见所闻记录在古老的典籍中。镜界的每一寸土地，都留有她的足迹与思考。
533,Sage Guardian,猎人,忠诚可靠，值得信赖，兼具冷静的特质,目标锁定,她是黑暗中的死神，专门收割那些不应存在于镜界的事物。
534,Elder Cosmos,医者,叛逆不羁，自由洒脱，兼具无私的特质,净化毒素,她是镜界的治愈者，游走于受伤的灵魂之间。魔法是她治愈伤痛的方式。
535,Bellatrix Voidtouched,工匠,忠诚可靠，值得信赖，兼具专注的特质,精工细作,她的工作室藏着镜界最珍贵的秘密，每一件作品都讲述着一段独特的故事。
536,Obsidian of the Void,神秘者,聪慧机敏，反应敏捷，兼具深沉的特质,咒语吟唱,她是镜界的探索者，穿越一个又一个未知的领域。没有人知道她的过去，也没人能预测她的未来。
537,Shade Ethereal,医者,热情如火，燃烧一切，兼具温柔的特质,治愈之光,她是镜界的治愈者，游走于受伤的灵魂之间。音乐是她治愈伤痛的方式。
538,Empress The Seeker,工匠,孤独清高，遗世独立，兼具务实的特质,精工细作,她制作的每件物品都蕴含着特殊的魔力。{craft}是她最擅长的技艺，作品遍布整个镜界。
539,Nyx The Hunter,神,聪慧机敏，反应敏捷，兼具高傲的特质,万物共鸣,远古的神灵，在镜界形成之初便已存在。她见证了无数灵魂的诞生与消亡，以冷漠的心态俯瞰这片世界。
540,Lavender Warden,守护者,热情如火，燃烧一切，兼具果敢的特质,守护之壁,作为边境的守护者，她的存在本身就是一道不可逾越的屏障。她的职责是保护那些脆弱的灵魂。
541,Willow The Seeker,医者,叛逆不羁，自由洒脱，兼具细腻的特质,灵魂缝合,慈悲是她的本性，无论灵魂因何受伤，她都会伸出援手。医者仁心，说的便是她。
542,Vampira The Wanderer,战士,如风般自由，不受束缚，兼具刚毅的特质,镜斩,她是镜界的战斗专家，光剑是她最信赖的伙伴。每一次挥剑都是对敌人的致命威胁。
543,Circe The Witch,神秘者,沉静如水，波澜不惊，兼具神秘的特质,记忆窥探,神秘笼罩着她的身影，在镜界的角落，总能发现她留下的奇异痕迹。她的目的是她永恒的谜题。
544,Countess The Sage,学者,叛逆不羁，自由洒脱，兼具内敛的特质,学问传授,她穷尽一生追寻镜界的真理，图书馆是她最常停留的地方。灵魂奥秘是她研究的核心课题。
545,Rosalind Darkhollow,学者,优雅从容，气质高贵，兼具内敛的特质,智慧之眼,她是镜界最博学的灵魂之一，科学领域的权威。虽然性格随和，却乐于分享自己的发现。
546,Elowen The Seeker,神秘者,敏感细腻，感受敏锐，兼具神秘的特质,符文刻写,她是镜界的探索者，穿越一个又一个未知的领域。没有人知道她的过去，也没人能预测她的未来。
547,Dawnwhisper Sentinel,神秘者,敏感细腻，感受敏锐，兼具好奇的特质,记忆窥探,行走于现实与虚幻的边界，她掌握着常人无法理解的秘术。梦境编织是她的招牌，神秘而强大。
548,Ivoryl Conclave of,学者,内敛含蓄，蓄势待发，兼具理性的特质,记忆图书馆,作为知识的守护者，她将所见所闻记录在古老的典籍中。镜界的每一寸土地，都留有她的足迹与思考。
549,Charlotte of Eternity,园丁,孤独清高，遗世独立，兼具耐心的特质,季节操控,在镜界的某处，有一片只有她知道的秘密花园，那里有她所有的心血与爱。
550,Scarlet Nightwalker,猎人,冷峻如霜，洞察本质，兼具隐忍的特质,野兽沟通,在阴影中潜行，在静默中出击。她的猎杀精准而优雅，如同艺术一般。
551,Ophelia Priestess,文员,慈悲为怀，怜爱众生，兼具耐心的特质,秩序维护,她是镜界秩序的维护者，负责管理着无数灵魂的信息档案。信息登记是她每日的职责。
552,Thalindra Conclave of,学者,热情如火，燃烧一切，兼具严谨的特质,学问传授,她穷尽一生追寻镜界的真理，图书馆是她最常停留的地方。时空法则是她研究的核心课题。
553,Scarlet Baroness,收藏家,冲动热血，易于激动，兼具执着的特质,珍藏守护,每件藏品都有它的故事，每个故事她都能娓娓道来。她是镜界最博学的收藏家。
554,Calliope Guardian,歌者,敏感细腻，感受敏锐，兼具感性的特质,音波攻击,她的歌声能穿透镜界的每一个角落。情歌是她最擅长的曲调，令人沉醉不已。
555,Tempest Baroness,医者,坚韧不拔，百折不挠，兼具仁慈的特质,灵魂缝合,她是镜界的治愈者，游走于受伤的灵魂之间。魔法是她治愈伤痛的方式。
556,Onyx The Knight,医者,静若处子，动若脱兔，兼具无私的特质,净化毒素,她是镜界的治愈者，游走于受伤的灵魂之间。触碰是她治愈伤痛的方式。
557,Seraphelle of the Void,守护者,沉静如水，波澜不惊，兼具忠诚的特质,结界展开,她曾是普通的灵魂，但镜界的危机唤醒了她内心的力量。如今，她以守护者之名，守护着每一片土地。
558,Heather of Eternity,神秘者,成熟稳重，处事周全，兼具好奇的特质,符文刻写,她是镜界的探索者，穿越一个又一个未知的领域。没有人知道她的过去，也没人能预测她的未来。
559,Elowen Vermillion,梦者,冲动热血，易于激动，兼具迷茫的特质,噩梦封印,她是穿梭于梦境与现实的旅人，在睡意中编织着另一个世界。解梦是她独有的天赋。
560,Dawnwhisper Blackdragon,梦者,优雅从容，气质高贵，兼具迷茫的特质,沉睡之力,她是穿梭于梦境与现实的旅人，在睡意中编织着另一个世界。造梦是她独有的天赋。
561,Victoria Keeper,诗人,温柔如月，照亮黑暗，兼具敏感的特质,情感抒发,在镜界的寂静角落，她低声吟唱着自己的诗篇。那些词语如同星尘，洒落在这片世界。
562,Rosemary Nightshade,医者,坚韧不拔，百折不挠，兼具细腻的特质,生命灌注,她是镜界的治愈者，游走于受伤的灵魂之间。触碰是她治愈伤痛的方式。
563,Pandora Twilight,猎人,叛逆不羁，自由洒脱，兼具冷静的特质,伏击战术,她是镜界的追踪者，没有猎物能逃过她的追踪。光明追踪是她的标志。
564,Persephone Warden,神秘者,静若处子，动若脱兔，兼具疏离的特质,记忆窥探,行走于现实与虚幻的边界，她掌握着常人无法理解的秘术。虚数空间是她的招牌，神秘而强大。
565,Onyx Shadowdancer,猎人,静若处子，动若脱兔，兼具果断的特质,伏击战术,她是黑暗中的死神，专门收割那些不应存在于镜界的事物。
566,Morticia Stoneheart,守护者,静若处子，动若脱兔，兼具果敢的特质,誓约之力,作为边境的守护者，她的存在本身就是一道不可逾越的屏障。她的职责是保护那些脆弱的灵魂。
567,Bellatrix Shadowmere,猎人,豁达乐观，笑看风云，兼具果断的特质,目标锁定,她是镜界的追踪者，没有猎物能逃过她的追踪。暗影猎杀是她的标志。
568,Morgana The Oracle,梦者,慈悲为怀，怜爱众生，兼具超脱的特质,梦境编织,梦境是她最熟悉的领域，在那里她拥有绝对的主宰权。醒来的人们往往不记得她的存在。
569,Nimue Stormcaller,战士,成熟稳重，处事周全，兼具热血的特质,防御姿态,战场是她唯一的归宿，刀光剑影中诠释着生命的意义。她的存在让黑暗势力闻风丧胆。
570,Aria Warden,守护者,狡黠聪慧，智计百出，兼具勇敢的特质,镜盾防御,作为深渊的守护者，她的存在本身就是一道不可逾越的屏障。她的职责是保护那些脆弱的灵魂。
571,Ondine Viscountess,学者,温柔如月，照亮黑暗，兼具严谨的特质,真理追寻,她穷尽一生追寻镜界的真理，图书馆是她最常停留的地方。世界本源是她研究的核心课题。
572,Cordelia Moonbinder,收藏家,热情如火，燃烧一切，兼具内敛的特质,收藏管理,每件藏品都有它的故事，每个故事她都能娓娓道来。她是镜界最博学的收藏家。
573,Henrietta Moonwhisper,守望者,静若处子，动若脱兔，兼具坚毅的特质,预警传递,孤独是她的伴侣，但她从未抱怨。因为她知道，她的职责关乎整个镜界的安危。
574,Athena Silvermist,占卜师,热情如火，燃烧一切，兼具神秘的特质,吉凶判断,作为占卜师，她知道太多不该知道的事。有时，她希望自己从未拥有这份能力。
575,Artemis Stormwind,旅行者,坚韧不拔，百折不挠，兼具自由的特质,距离消弭,她穿越镜界的每一个位面，以绘画的方式记录着所见所闻。记录美好是她永恒的追求。
576,Hex The Singer,工匠,犹豫不决，优柔寡断，兼具务实的特质,造物之力,作为工匠，她相信万物皆可重塑。即使是破碎的灵魂，在她手中也能获得新生。
577,Violet Shadowmere,工匠,孤独清高，遗世独立，兼具精益的特质,物品强化,她的工作室藏着镜界最珍贵的秘密，每一件作品都讲述着一段独特的故事。
578,Persephone The Singer,梦者,优雅从容，气质高贵，兼具敏感的特质,梦境编织,她是穿梭于梦境与现实的旅人，在睡意中编织着另一个世界。造梦是她独有的天赋。
579,Hestia Covenant of,神秘者,犹豫不决，优柔寡断，兼具好奇的特质,咒语吟唱,神秘笼罩着她的身影，在镜界的角落，总能发现她留下的奇异痕迹。她的目的是她永恒的谜题。
580,Nyx Shadowmere,神秘者,静若处子，动若脱兔，兼具疏离的特质,异界召唤,她是镜界的探索者，穿越一个又一个未知的领域。没有人知道她的过去，也没人能预测她的未来。
581,Sylvara Keeper,守望者,温柔如月，照亮黑暗，兼具沉默的特质,危险感知,孤独是她的伴侣，但她从未抱怨。因为她知道，她的职责关乎整个镜界的安危。
582,Arabella Crystalvale,旅行者,冲动热血，易于激动，兼具开放的特质,空间跨越,没有灵魂比她走过更多的镜界角落。脚步不停，风景不止，这是她唯一的信条。
583,Isolde Baroness,歌者,敏感细腻，感受敏锐，兼具灵动的特质,音波攻击,她的歌声能穿透镜界的每一个角落。挽歌是她最擅长的曲调，令人沉醉不已。
584,Elisabeth The Oracle,医者,坚韧不拔，百折不挠，兼具细腻的特质,健康守护,她掌握着生命的奥秘，能够缝合最深的创伤。在镜界，她是最受敬重的存在之一。
585,Nimue Maidens,猎人,静若处子，动若脱兔，兼具冷静的特质,陷阱设置,她是黑暗中的死神，专门收割那些不应存在于镜界的事物。
586,Duchess The Sage,战士,坚韧不拔，百折不挠，兼具坚毅的特质,防御姿态,以战斗为生，以胜利为荣。她是镜界最强的战士之一，从未尝过失败的滋味。
587,Cassandra of Eternity,守护者,内敛含蓄，蓄势待发，兼具果敢的特质,镜盾防御,她是被镜界意志选中的守护者，誓死捍卫这片世界的安宁。手持反射之盾，将一切入侵者化为虚无。
588,Flora Lady,猎人,慈悲为怀，怜爱众生，兼具敏锐的特质,目标锁定,她是黑暗中的死神，专门收割那些不应存在于镜界的事物。
589,Lilith Ethereal,守护者,静若处子，动若脱兔，兼具忠诚的特质,净化之光,作为深渊的守护者，她的存在本身就是一道不可逾越的屏障。她的职责是保护那些脆弱的灵魂。
590,Seraphelle of the Abyss,守护者,犹豫不决，优柔寡断，兼具勇敢的特质,镜盾防御,作为核心的守护者，她的存在本身就是一道不可逾越的屏障。她的职责是保护那些脆弱的灵魂。
591,Sage Crimsonveil,文员,豁达乐观，笑看风云，兼具条理的特质,秩序维护,在堆积如山的文件之间，她找到了自己的价值。秩序是她永恒的追求。
592,Lyria Synod of,战士,叛逆不羁，自由洒脱，兼具热血的特质,连击之术,以战斗为生，以胜利为荣。她是镜界最强的战士之一，从未尝过失败的滋味。
593,Hestia Shadowmere,梦者,优雅从容，气质高贵，兼具梦幻的特质,梦境操控,梦境是她最熟悉的领域，在那里她拥有绝对的主宰权。醒来的人们往往不记得她的存在。
594,Circe Nebula,文员,敏感细腻，感受敏锐，兼具务实的特质,事务协调,她是镜界最不可或缺的存在之一，虽然不起眼，却维系着整个世界的运转。
595,Willow Synod of,旅行者,犹豫不决，优柔寡断，兼具开放的特质,距离消弭,没有灵魂比她走过更多的镜界角落。脚步不停，风景不止，这是她唯一的信条。
596,Fauna Countess,神秘者,温柔如月，照亮黑暗，兼具好奇的特质,符文刻写,神秘笼罩着她的身影，在镜界的角落，总能发现她留下的奇异痕迹。她的目的是她永恒的谜题。
597,Vesper Moonbinder,占卜师,叛逆不羁，自由洒脱，兼具洞察的特质,占卜之术,作为占卜师，她知道太多不该知道的事。有时，她希望自己从未拥有这份能力。
598,Vesper Silverserpent,守墓者,冲动热血，易于激动，兼具淡泊的特质,遗忘之雾,她守护着镜界的死者安息，在寂静中陪伴着消逝的灵魂。安抚是她永恒的职责。
599,Ivoryl of Sorrows,文员,成熟稳重，处事周全，兼具细心的特质,秩序维护,在堆积如山的文件之间，她找到了自己的价值。秩序是她永恒的追求。
600,Clementine Crimsonveil,神,成熟稳重，处事周全，兼具威严的特质,万物共鸣,她是镜界的创世神灵之一，掌管着空间的法则。在虚空中诞生，以神秘之姿守护着这个精神世界的运转。
601,Tempest of Eternity,战士,犹豫不决，优柔寡断，兼具刚毅的特质,反射之刃,战场是她唯一的归宿，刀光剑影中诠释着生命的意义。她的存在让黑暗势力闻风丧胆。
602,Flora The Weaver,诗人,如风般自由，不受束缚，兼具理想的特质,灵感迸发,在镜界的寂静角落，她低声吟唱着自己的诗篇。那些词语如同星尘，洒落在这片世界。
603,Vervain Frostweaver,园丁,坚韧不拔，百折不挠，兼具细腻的特质,生长引导,每一株植物都与她有着特殊的联系，她能听到它们的低语，感受到它们的情感。
604,Rhiannon The Seeker,神,沉静如水，波澜不惊，兼具冷漠的特质,虚实转化,作为高位存在，她的力量与镜界本源相连。每当镜界出现裂痕，她便以重塑之力修补，维持着世界的平衡。
605,Raven Vermillion,神秘者,成熟稳重，处事周全，兼具神秘的特质,记忆窥探,行走于现实与虚幻的边界，她掌握着常人无法理解的秘术。虚数空间是她的招牌，神秘而强大。
606,Gwyneth Vermillion,园丁,聪慧机敏，反应敏捷，兼具温和的特质,生命培育,每一株植物都与她有着特殊的联系，她能听到它们的低语，感受到它们的情感。
607,Selene Crystalvale,神秘者,神秘莫测，深不可测，兼具神秘的特质,记忆窥探,神秘笼罩着她的身影，在镜界的角落，总能发现她留下的奇异痕迹。她的真实身份是她永恒的谜题。
608,Medea Astral,学者,冲动热血，易于激动，兼具严谨的特质,文献解读,她穷尽一生追寻镜界的真理，图书馆是她最常停留的地方。时空法则是她研究的核心课题。
609,Athena The Knight,梦者,热情如火，燃烧一切，兼具超脱的特质,梦境遨游,梦境是她最熟悉的领域，在那里她拥有绝对的主宰权。醒来的人们往往不记得她的存在。
610,Shade Leafsinger,工匠,天真烂漫，纯真无邪，兼具务实的特质,修复之术,作为工匠，她相信万物皆可重塑。即使是破碎的灵魂，在她手中也能获得新生。
611,Terpsichore Earthshaker,工匠,聪慧机敏，反应敏捷，兼具精益的特质,精工细作,她制作的每件物品都蕴含着特殊的魔力。{craft}是她最擅长的技艺，作品遍布整个镜界。
612,Cordelia The Hunter,神秘者,冷峻如霜，洞察本质，兼具深沉的特质,记忆窥探,她是镜界的探索者，穿越一个又一个未知的领域。没有人知道她的过去，也没人能预测她的未来。
613,Duchess Viscountess,医者,内敛含蓄，蓄势待发，兼具细腻的特质,伤痛抚慰,她是镜界的治愈者，游走于受伤的灵魂之间。草药是她治愈伤痛的方式。
614,Elisabeth The Witch,学者,温柔如月，照亮黑暗，兼具内敛的特质,解析之眼,她是镜界最博学的灵魂之一，炼金术领域的权威。虽然性格严谨，却乐于分享自己的发现。
615,Juliet Twilight,战士,叛逆不羁，自由洒脱，兼具热血的特质,冲锋之力,战场是她唯一的归宿，刀光剑影中诠释着生命的意义。她的存在让黑暗势力闻风丧胆。
616,Seraphelle of the North,文员,优雅从容，气质高贵，兼具细心的特质,记录之笔,她是镜界最不可或缺的存在之一，虽然不起眼，却维系着整个世界的运转。
617,Onyx Dawnlight,占卜师,如风般自由，不受束缚，兼具神秘的特质,因果追溯,没有人能在她面前隐藏秘密，因为她看到的不是现在，而是因果的锁链。
618,Blackrose Eclipse,守护者,冲动热血，易于激动，兼具果敢的特质,镜盾防御,她是被镜界意志选中的守护者，誓死捍卫这片世界的安宁。手持反射之盾，将一切入侵者化为虚无。
619,Sylvara Whitewyrm,守护者,叛逆不羁，自由洒脱，兼具果敢的特质,结界展开,她是被镜界意志选中的守护者，誓死捍卫这片世界的安宁。手持反射之盾，将一切入侵者化为虚无。
620,Cordelia Whitewyrm,神秘者,犹豫不决，优柔寡断，兼具深沉的特质,符文刻写,神秘笼罩着她的身影，在镜界的角落，总能发现她留下的奇异痕迹。她的起源是她永恒的谜题。
621,Hestia of the North,学者,执着坚定，矢志不渝，兼具严谨的特质,推演之力,她是镜界最博学的灵魂之一，科学领域的权威。虽然性格内向，却乐于分享自己的发现。
622,Nyx The Oracle,梦者,内敛含蓄，蓄势待发，兼具迷茫的特质,噩梦封印,梦境是她最熟悉的领域，在那里她拥有绝对的主宰权。醒来的人们往往不记得她的存在。
623,Dawnwhisper Moonwhisper,神秘者,沉静如水，波澜不惊，兼具疏离的特质,镜中漫步,她是镜界的探索者，穿越一个又一个未知的领域。没有人知道她的过去，也没人能预测她的未来。
624,Obsidian Starweaver,诗人,静若处子，动若脱兔，兼具浪漫的特质,词句编织,她是镜界的吟游诗人，用词句编织着灵魂的故事。每首诗歌都是一段被遗忘的记忆。
625,Terra The Sage,医者,如风般自由，不受束缚，兼具温柔的特质,伤痛抚慰,她是镜界的治愈者，游走于受伤的灵魂之间。音乐是她治愈伤痛的方式。
626,Fern Ethereal,工匠,狡黠聪慧，智计百出，兼具精益的特质,物品强化,作为工匠，她相信万物皆可重塑。即使是破碎的灵魂，在她手中也能获得新生。
627,Elisabeth Goldleaf,战士,狡黠聪慧，智计百出，兼具坚毅的特质,连击之术,战场是她唯一的归宿，刀光剑影中诠释着生命的意义。她的存在让黑暗势力闻风丧胆。
628,Iris The Hunter,神秘者,坚韧不拔，百折不挠，兼具神秘的特质,虚数空间,行走于现实与虚幻的边界，她掌握着常人无法理解的秘术。镜中漫步是她的招牌，神秘而强大。
629,Faelina of Sorrows,收藏家,执着坚定，矢志不渝，兼具内敛的特质,珍藏守护,在她的宝库中，藏着无数人终其一生都见不到的珍宝。而她，只在等待懂它的人。
630,Darkwind The Weaver,守护者,热情开朗，光芒四射，兼具果敢的特质,牺牲庇护,她曾是普通的灵魂，但镜界的危机唤醒了她内心的力量。如今，她以守护者之名，守护着每一片土地。
631,Lady Astral,守护者,狡黠聪慧，智计百出，兼具忠诚的特质,结界展开,她是被镜界意志选中的守护者，誓死捍卫这片世界的安宁。手持反射之盾，将一切入侵者化为虚无。
632,Fern The Hunter,学者,热情开朗，光芒四射，兼具理性的特质,解析之眼,她是镜界最博学的灵魂之一，艺术领域的权威。虽然性格内向，却乐于分享自己的发现。
633,Dawnwhisper Brightblade,文员,成熟稳重，处事周全，兼具条理的特质,秩序维护,在堆积如山的文件之间，她找到了自己的价值。秩序是她永恒的追求。
634,Circe Lady,神秘者,孤独清高，遗世独立，兼具深沉的特质,梦境编织,行走于现实与虚幻的边界，她掌握着常人无法理解的秘术。幻影术是她的招牌，神秘而强大。
635,Euterpe of Starlight,守护者,犹豫不决，优柔寡断，兼具坚定的特质,净化之光,她曾是普通的灵魂，但镜界的危机唤醒了她内心的力量。如今，她以守护者之名，守护着每一片土地。
636,Charlotte Ashford,神秘者,孤独清高，遗世独立，兼具深沉的特质,镜中漫步,行走于现实与虚幻的边界，她掌握着常人无法理解的秘术。镜中漫步是她的招牌，神秘而强大。
637,Hex Baroness,医者,内敛含蓄，蓄势待发，兼具细腻的特质,生命灌注,慈悲是她的本性，无论灵魂因何受伤，她都会伸出援手。医者仁心，说的便是她。
638,Juliet Seawarden,梦者,成熟稳重，处事周全，兼具迷茫的特质,噩梦封印,梦境是她最熟悉的领域，在那里她拥有绝对的主宰权。醒来的人们往往不记得她的存在。
639,Violet Emberheart,守护者,叛逆不羁，自由洒脱，兼具忠诚的特质,镜盾防御,她是被镜界意志选中的守护者，誓死捍卫这片世界的安宁。手持反射之盾，将一切入侵者化为虚无。
640,Aetherea Twilight,园丁,优雅从容，气质高贵，兼具温和的特质,植物治愈,每一株植物都与她有着特殊的联系，她能听到它们的低语，感受到它们的情感。
641,Juniper of Sorrows,战士,神秘莫测，深不可测，兼具刚毅的特质,镜斩,战场是她唯一的归宿，刀光剑影中诠释着生命的意义。她的存在让黑暗势力闻风丧胆。
642,Elisabeth Conclave of,歌者,慈悲为怀，怜爱众生，兼具感性的特质,音波攻击,她的歌声能穿透镜界的每一个角落。安魂曲是她最擅长的曲调，令人沉醉不已。
643,Daisy Earthshaker,医者,神秘莫测，深不可测，兼具仁慈的特质,净化毒素,她掌握着生命的奥秘，能够缝合最深的创伤。在镜界，她是最受敬重的存在之一。
644,Morticia Goldleaf,梦者,冲动热血，易于激动，兼具梦幻的特质,梦境治愈,她的睡眠比常人更长，因为对她而言，梦境才是真正的现实。
645,Victoria Enigmatica,诗人,叛逆不羁，自由洒脱，兼具敏感的特质,诗意降临,她是镜界的吟游诗人，用词句编织着灵魂的故事。每首诗歌都是一段被遗忘的记忆。
646,Cassandra Cosmos,歌者,沉静如水，波澜不惊，兼具热情的特质,安魂之曲,每首歌曲都是一段旅程，每个音符都是一缕情感。她的声音是镜界最美的礼物。
647,Euterpe Shadowdancer,梦者,豁达乐观，笑看风云，兼具敏感的特质,沉睡之力,她是穿梭于梦境与现实的旅人，在睡意中编织着另一个世界。造梦是她独有的天赋。
648,Sable of Dreams,神,豁达乐观，笑看风云，兼具威严的特质,因果操控,作为高位存在，她的力量与镜界本源相连。每当镜界出现裂痕，她便以平衡之力修补，维持着世界的平衡。
649,Willow Seawarden,收藏家,温柔如月，照亮黑暗，兼具博学的特质,宝库构建,在她的宝库中，藏着无数人终其一生都见不到的珍宝。而她，只在等待懂它的人。
650,Hestia Gloaming,守墓者,犹豫不决，优柔寡断，兼具宁静的特质,永眠之门,她守护着镜界的死者安息，在寂静中陪伴着消逝的灵魂。安抚是她永恒的职责。
651,Dawnwhisper Bloodthorn,神,慈悲为怀，怜爱众生，兼具威严的特质,时空扭曲,她是镜界的创世神灵之一，掌管着空间的法则。在虚空中诞生，以力量之姿守护着这个精神世界的运转。
652,Bellatrix of Shadows,战士,如风般自由，不受束缚，兼具坚毅的特质,战意沸腾,以战斗为生，以胜利为荣。她是镜界最强的战士之一，从未尝过失败的滋味。
653,Malice of Sorrows,守护者,狡黠聪慧，智计百出，兼具勇敢的特质,镜盾防御,她是被镜界意志选中的守护者，誓死捍卫这片世界的安宁。手持反射之盾，将一切入侵者化为虚无。
654,Heather Silvermist,旅行者,聪慧机敏，反应敏捷，兼具自由的特质,距离消弭,作为流浪者，她不属于任何地方，却也属于任何地方。每一次相遇都是命运的安排，每一次分别都是新的开始。
655,Moonshade Lady,占卜师,温柔如月，照亮黑暗，兼具深沉的特质,吉凶判断,她能窥见命运的丝线，预知未来的轮廓。茶叶是她解读命运的方式。
656,Umbra Brightblade,占卜师,温柔如月，照亮黑暗，兼具深沉的特质,命运窥探,作为占卜师，她知道太多不该知道的事。有时，她希望自己从未拥有这份能力。
657,Hestia Flamekeeper,梦者,热情如火，燃烧一切，兼具迷茫的特质,幻象创造,她的睡眠比常人更长，因为对她而言，梦境才是真正的现实。
658,Ondine The Knight,梦者,热情如火，燃烧一切，兼具超脱的特质,梦境编织,梦境是她最熟悉的领域，在那里她拥有绝对的主宰权。醒来的人们往往不记得她的存在。
659,Persephone Nebula,梦者,成熟稳重，处事周全，兼具梦幻的特质,幻象创造,她是穿梭于梦境与现实的旅人，在睡意中编织着另一个世界。造梦是她独有的天赋。
660,Aetherea Shadowdancer,神秘者,静若处子，动若脱兔，兼具神秘的特质,梦境编织,她是镜界的探索者，穿越一个又一个未知的领域。没有人知道她的过去，也没人能预测她的未来。
661,Raven Stoneheart,守墓者,敏感细腻，感受敏锐，兼具肃穆的特质,安魂祈祷,在镜界的边缘，在遗忘的角落，她默默守望着那些不再醒来的人。
662,Isolde Keeper,工匠,忠诚可靠，值得信赖，兼具专注的特质,构造之力,作为工匠，她相信万物皆可重塑。即使是破碎的灵魂，在她手中也能获得新生。
663,Morgan le Fay of the North,编织者,慈悲为怀，怜爱众生，兼具专注的特质,时间之纱,她编织着镜界最神秘的丝线，每一根线都连接着命运的一个节点。命运之线是她的天赋。
664,Scarlet of Sorrows,战士,孤独清高，遗世独立，兼具坚毅的特质,冲锋之力,她是镜界的战斗专家，双刃是她最信赖的伙伴。每一次挥剑都是对敌人的致命威胁。
665,Evangeline Nightwalker,文员,忠诚可靠，值得信赖，兼具务实的特质,秩序维护,她是镜界秩序的维护者，负责管理着无数灵魂的信息档案。事务协调是她每日的职责。
666,Darkwind Shadowdancer,文员,坚韧不拔，百折不挠，兼具务实的特质,文书魔法,她是镜界最不可或缺的存在之一，虽然不起眼，却维系着整个世界的运转。
667,Morgana Enigmatica,占卜师,静若处子，动若脱兔，兼具洞察的特质,命数演算,作为占卜师，她知道太多不该知道的事。有时，她希望自己从未拥有这份能力。
668,Bloodmoon The Wanderer,猎人,坚韧不拔，百折不挠，兼具敏锐的特质,猎杀本能,她是黑暗中的死神，专门收割那些不应存在于镜界的事物。
669,Pandora Circle of,旅行者,内敛含蓄，蓄势待发，兼具好奇的特质,路径记忆,没有灵魂比她走过更多的镜界角落。脚步不停，风景不止，这是她唯一的信条。
670,Urania Mystara,歌者,孤独清高，遗世独立，兼具开朗的特质,音波攻击,她的歌声能穿透镜界的每一个角落。挽歌是她最擅长的曲调，令人沉醉不已。
671,Hecate Goldenlion,工匠,静若处子，动若脱兔，兼具务实的特质,修复之术,她的工作室藏着镜界最珍贵的秘密，每一件作品都讲述着一段独特的故事。
672,Aetherea The Knight,文员,豁达乐观，笑看风云，兼具务实的特质,事务协调,她是镜界最不可或缺的存在之一，虽然不起眼，却维系着整个世界的运转。
673,Willow Eclipse,工匠,神秘莫测，深不可测，兼具务实的特质,锻造秘法,作为工匠，她相信万物皆可重塑。即使是破碎的灵魂，在她手中也能获得新生。
674,Fauna Baroness,医者,热情如火，燃烧一切，兼具无私的特质,治愈之光,她是镜界的治愈者，游走于受伤的灵魂之间。音乐是她治愈伤痛的方式。
675,Arabella Arcanum,诗人,慈悲为怀，怜爱众生，兼具浪漫的特质,灵魂诗篇,以诗为剑，以词为盾。她的诗句拥有超越文字本身的力量，能够触动最坚硬的心。
676,Celestine Whitewyrm,守护者,内敛含蓄，蓄势待发，兼具果敢的特质,结界展开,她曾是普通的灵魂，但镜界的危机唤醒了她内心的力量。如今，她以守护者之名，守护着每一片土地。
677,Elara Bloodthorn,收藏家,热情开朗，光芒四射，兼具执着的特质,收藏管理,每件藏品都有它的故事，每个故事她都能娓娓道来。她是镜界最博学的收藏家。
678,Ravenna Ashford,诗人,静若处子，动若脱兔，兼具敏感的特质,韵律操控,在镜界的寂静角落，她低声吟唱着自己的诗篇。那些词语如同星尘，洒落在这片世界。
679,Heather Ironforge,神秘者,叛逆不羁，自由洒脱，兼具好奇的特质,梦境编织,神秘笼罩着她的身影，在镜界的角落，总能发现她留下的奇异痕迹。她的起源是她永恒的谜题。
680,Hex Frostbane,工匠,成熟稳重，处事周全，兼具务实的特质,修复之术,作为工匠，她相信万物皆可重塑。即使是破碎的灵魂，在她手中也能获得新生。
681,Marigold Crystalvale,诗人,热情如火，燃烧一切，兼具浪漫的特质,词句编织,以诗为剑，以词为盾。她的诗句拥有超越文字本身的力量，能够触动最坚硬的心。
682,Juliet Dame,战士,热情如火，燃烧一切，兼具热血的特质,冲锋之力,以战斗为生，以胜利为荣。她是镜界最强的战士之一，从未尝过失败的滋味。
683,Iris Winterborne,神,冲动热血，易于激动，兼具威严的特质,虚实转化,作为高位存在，她的力量与镜界本源相连。每当镜界出现裂痕，她便以分离之力修补，维持着世界的平衡。
684,Daisy Vermillion,守墓者,敏感细腻，感受敏锐，兼具肃穆的特质,死亡凝视,在镜界的边缘，在遗忘的角落，她默默守望着那些不再醒来的人。
685,Elysium Shadowmere,文员,热情开朗，光芒四射，兼具务实的特质,事务协调,在堆积如山的文件之间，她找到了自己的价值。秩序是她永恒的追求。
686,Nyx Moonwhisper,旅行者,热情开朗，光芒四射，兼具好奇的特质,方位直觉,她穿越镜界的每一个位面，以影像的方式记录着所见所闻。体验人生是她永恒的追求。
687,Fauna Order of the,守望者,优雅从容，气质高贵，兼具沉默的特质,危险感知,在最高的塔楼上，她日夜注视着地平线。即使风暴将至，她也不会退缩。
688,Adelaide Voidtouched,工匠,狡黠聪慧，智计百出，兼具耐心的特质,造物之力,她的工作室藏着镜界最珍贵的秘密，每一件作品都讲述着一段独特的故事。
689,Artemisia Ashford,文员,热情如火，燃烧一切，兼具细心的特质,记录之笔,她是镜界最不可或缺的存在之一，虽然不起眼，却维系着整个世界的运转。
690,Cassandra Twilight,守护者,敏感细腻，感受敏锐，兼具勇敢的特质,牺牲庇护,作为森林的守护者，她的存在本身就是一道不可逾越的屏障。她的职责是保护那些脆弱的灵魂。
691,Morwenna The Keeper,诗人,豁达乐观，笑看风云，兼具敏感的特质,词句编织,以诗为剑，以词为盾。她的诗句拥有超越文字本身的力量，能够触动最坚硬的心。
692,Seraphelle Bloodthorn,学者,内敛含蓄，蓄势待发，兼具内敛的特质,知识殿堂,她是镜界最博学的灵魂之一，艺术领域的权威。虽然性格外向，却乐于分享自己的发现。
693,Vampira The Witch,神秘者,犹豫不决，优柔寡断，兼具疏离的特质,镜中漫步,她是镜界的探索者，穿越一个又一个未知的领域。没有人知道她的过去，也没人能预测她的未来。
694,Scarlet Silvermist,收藏家,坚韧不拔，百折不挠，兼具博学的特质,收藏管理,在她的宝库中，藏着无数人终其一生都见不到的珍宝。而她，只在等待懂它的人。
695,Psyche Starweaver,神秘者,忠诚可靠，值得信赖，兼具深沉的特质,符文刻写,她是镜界的探索者，穿越一个又一个未知的领域。没有人知道她的过去，也没人能预测她的未来。
696,Vervain Silverserpent,守护者,孤独清高，遗世独立，兼具果敢的特质,净化之光,她是被镜界意志选中的守护者，誓死捍卫这片世界的安宁。手持反射之盾，将一切入侵者化为虚无。
697,Esmeralda Dawnlight,战士,冲动热血，易于激动，兼具热血的特质,防御姿态,以战斗为生，以胜利为荣。她是镜界最强的战士之一，从未尝过失败的滋味。
698,Ivy Obscura,歌者,热情开朗，光芒四射，兼具热情的特质,音波攻击,天籁之音，绕梁三日。她用歌声抚慰受伤的灵魂，用旋律点亮黑暗的角落。
699,Fern The Knight,工匠,成熟稳重，处事周全，兼具务实的特质,造物之力,她的工作室藏着镜界最珍贵的秘密，每一件作品都讲述着一段独特的故事。
700,Vervain Silverserpent,梦者,热情开朗，光芒四射，兼具超脱的特质,梦境遨游,梦境是她最熟悉的领域，在那里她拥有绝对的主宰权。醒来的人们往往不记得她的存在。
701,Countess Crystalvale,占卜师,天真烂漫，纯真无邪，兼具神秘的特质,未来预见,她能窥见命运的丝线，预知未来的轮廓。茶叶是她解读命运的方式。
702,Seraphina Sentinel,歌者,冷峻如霜，洞察本质，兼具灵动的特质,鼓舞之力,天籁之音，绕梁三日。她用歌声抚慰受伤的灵魂，用旋律点亮黑暗的角落。
703,Arilyn Order of the,园丁,聪慧机敏，反应敏捷，兼具朴实的特质,花园构筑,她在镜界培育着一座属于自己的花园。时之园是她精心照料的领域。
704,Lavender of Twilight,园丁,慈悲为怀，怜爱众生，兼具温和的特质,绿意盎然,每一株植物都与她有着特殊的联系，她能听到它们的低语，感受到它们的情感。
705,Henrietta Keeper,猎人,冷峻如霜，洞察本质，兼具隐忍的特质,陷阱设置,她是黑暗中的死神，专门收割那些不应存在于镜界的事物。
706,Clementine Conclave of,梦者,狡黠聪慧，智计百出，兼具敏感的特质,沉睡之力,梦境是她最熟悉的领域，在那里她拥有绝对的主宰权。醒来的人们往往不记得她的存在。
707,Aetherea Stormcaller,学者,豁达乐观，笑看风云，兼具求知的特质,解析之眼,她是镜界最博学的灵魂之一，历史领域的权威。虽然性格外向，却乐于分享自己的发现。
708,Morgan le Fay Skysinger,工匠,冲动热血，易于激动，兼具耐心的特质,完美工艺,她制作的每件物品都蕴含着特殊的魔力。{craft}是她最擅长的技艺，作品遍布整个镜界。
709,Adelaide Viscountess,收藏家,狡黠聪慧，智计百出，兼具执着的特质,宝库构建,在她的宝库中，藏着无数人终其一生都见不到的珍宝。而她，只在等待懂它的人。
710,Juniper Silverserpent,战士,成熟稳重，处事周全，兼具果敢的特质,镜斩,她是镜界的战斗专家，暗矛是她最信赖的伙伴。每一次挥剑都是对敌人的致命威胁。
711,Morticia Obscura,占卜师,内敛含蓄，蓄势待发，兼具深沉的特质,命运窥探,没有人能在她面前隐藏秘密，因为她看到的不是现在，而是因果的锁链。
712,Persephone Covenant of,园丁,内敛含蓄，蓄势待发，兼具细腻的特质,绿意盎然,每一株植物都与她有着特殊的联系，她能听到它们的低语，感受到它们的情感。
713,Daisy Dreamweaver,战士,天真烂漫，纯真无邪，兼具果敢的特质,战意沸腾,以战斗为生，以胜利为荣。她是镜界最强的战士之一，从未尝过失败的滋味。
714,Isolde Warden,歌者,优雅从容，气质高贵，兼具热情的特质,旋律治愈,天籁之音，绕梁三日。她用歌声抚慰受伤的灵魂，用旋律点亮黑暗的角落。
715,Aria Priestess,园丁,犹豫不决，优柔寡断，兼具朴实的特质,花语交流,每一株植物都与她有着特殊的联系，她能听到它们的低语，感受到它们的情感。
716,Calista Starweaver,神,沉静如水，波澜不惊，兼具威严的特质,虚实转化,远古的神灵，在镜界形成之初便已存在。她见证了无数灵魂的诞生与消亡，以慈爱的心态俯瞰这片世界。
717,Ophelia Phantom,学者,孤独清高，遗世独立，兼具求知的特质,文献解读,她穷尽一生追寻镜界的真理，图书馆是她最常停留的地方。记忆之海是她研究的核心课题。
718,Henrietta Ethereal,歌者,神秘莫测，深不可测，兼具热情的特质,情绪共鸣,每首歌曲都是一段旅程，每个音符都是一缕情感。她的声音是镜界最美的礼物。
719,Duchess Crystalvale,占卜师,狡黠聪慧，智计百出，兼具神秘的特质,命运窥探,作为占卜师，她知道太多不该知道的事。有时，她希望自己从未拥有这份能力。
720,Ondine Maidens,工匠,神秘莫测，深不可测，兼具耐心的特质,构造之力,作为工匠，她相信万物皆可重塑。即使是破碎的灵魂，在她手中也能获得新生。
721,Ondine Eclipse,神秘者,叛逆不羁，自由洒脱，兼具深沉的特质,梦境编织,行走于现实与虚幻的边界，她掌握着常人无法理解的秘术。镜中漫步是她的招牌，神秘而强大。
722,Morwenna The Hunter,守墓者,坚韧不拔，百折不挠，兼具宁静的特质,记忆守护,在镜界的边缘，在遗忘的角落，她默默守望着那些不再醒来的人。
723,Raven Maidens,工匠,忠诚可靠，值得信赖，兼具专注的特质,物品强化,她的工作室藏着镜界最珍贵的秘密，每一件作品都讲述着一段独特的故事。
724,Persephone Crystalvale,神秘者,忠诚可靠，值得信赖，兼具深沉的特质,符文刻写,行走于现实与虚幻的边界，她掌握着常人无法理解的秘术。镜中漫步是她的招牌，神秘而强大。
725,Aurora Ashford,工匠,优雅从容，气质高贵，兼具务实的特质,造物之力,作为工匠，她相信万物皆可重塑。即使是破碎的灵魂，在她手中也能获得新生。
726,Clementine Mystara,学者,冷峻如霜，洞察本质，兼具理性的特质,学问传授,作为知识的守护者，她将所见所闻记录在古老的典籍中。镜界的每一寸土地，都留有她的足迹与思考。
727,Wolfsbane Whitewyrm,守护者,坚韧不拔，百折不挠，兼具果敢的特质,守护之壁,她曾是普通的灵魂，但镜界的危机唤醒了她内心的力量。如今，她以守护者之名，守护着每一片土地。
728,Starweaver of the Void,战士,热情如火，燃烧一切，兼具热血的特质,战意沸腾,她是镜界的战斗专家，光剑是她最信赖的伙伴。每一次挥剑都是对敌人的致命威胁。
729,Cassandra of the Deep,编织者,温柔如月，照亮黑暗，兼具耐心的特质,未来编织,她编织着镜界最神秘的丝线，每一根线都连接着命运的一个节点。命运之线是她的天赋。
730,Pandora Keeper,学者,沉静如水，波澜不惊，兼具内敛的特质,解析之眼,她是镜界最博学的灵魂之一，神秘学领域的权威。虽然性格随和，却乐于分享自己的发现。
731,Elara Goldleaf,守墓者,忠诚可靠，值得信赖，兼具沉稳的特质,永眠之门,死亡对她而言不是终结，而是另一种开始。她为每一个离去的灵魂指引方向。
732,Lilith Starweaver,诗人,冲动热血，易于激动，兼具理想的特质,意境共鸣,在镜界的寂静角落，她低声吟唱着自己的诗篇。那些词语如同星尘，洒落在这片世界。
733,Tansy Silverserpent,神秘者,冲动热血，易于激动，兼具神秘的特质,记忆窥探,她是镜界的探索者，穿越一个又一个未知的领域。没有人知道她的过去，也没人能预测她的未来。
734,Calliope Seawarden,神秘者,沉静如水，波澜不惊，兼具疏离的特质,虚数空间,她是镜界的探索者，穿越一个又一个未知的领域。没有人知道她的过去，也没人能预测她的未来。
735,Elder Ravencroft,梦者,内敛含蓄，蓄势待发，兼具梦幻的特质,沉睡之力,她的睡眠比常人更长，因为对她而言，梦境才是真正的现实。
736,Elisabeth Dame,神,热情如火，燃烧一切，兼具威严的特质,虚实转化,远古的神灵，在镜界形成之初便已存在。她见证了无数灵魂的诞生与消亡，以喜悦的心态俯瞰这片世界。
737,Aelindra Ashford,学者,豁达乐观，笑看风云，兼具理性的特质,文献解读,她穷尽一生追寻镜界的真理，图书馆是她最常停留的地方。记忆之海是她研究的核心课题。
738,Calista Countess,园丁,执着坚定，矢志不渝，兼具朴实的特质,自然之力,她在镜界培育着一座属于自己的花园。心之园是她精心照料的领域。
739,Tempest Seawarden,旅行者,执着坚定，矢志不渝，兼具随性的特质,路径记忆,没有灵魂比她走过更多的镜界角落。脚步不停，风景不止，这是她唯一的信条。
740,Dawnwhisper Leafsinger,旅行者,狡黠聪慧，智计百出，兼具随性的特质,方位直觉,作为流浪者，她不属于任何地方，却也属于任何地方。每一次相遇都是命运的安排，每一次分别都是新的开始。
741,Genevieve Ravencroft,学者,优雅从容，气质高贵，兼具理性的特质,文献解读,她是镜界最博学的灵魂之一，神秘学领域的权威。虽然性格内向，却乐于分享自己的发现。
742,Tansy Frostbane,守护者,执着坚定，矢志不渝，兼具坚定的特质,守护之壁,她是被镜界意志选中的守护者，誓死捍卫这片世界的安宁。手持反射之盾，将一切入侵者化为虚无。
743,Lady Stormwind,守望者,神秘莫测，深不可测，兼具沉默的特质,守望之力,在最高的塔楼上，她日夜注视着地平线。即使风暴将至，她也不会退缩。
744,Athena Earthshaker,工匠,敏感细腻，感受敏锐，兼具耐心的特质,炼金术,作为工匠，她相信万物皆可重塑。即使是破碎的灵魂，在她手中也能获得新生。
745,Genevieve of Dreams,工匠,天真烂漫，纯真无邪，兼具精益的特质,修复之术,她的工作室藏着镜界最珍贵的秘密，每一件作品都讲述着一段独特的故事。
746,Elder Voidtouched,旅行者,温柔如月，照亮黑暗，兼具好奇的特质,空间跨越,没有灵魂比她走过更多的镜界角落。脚步不停，风景不止，这是她唯一的信条。
747,Elysium Nightshade,梦者,热情开朗，光芒四射，兼具敏感的特质,幻象创造,她是穿梭于梦境与现实的旅人，在睡意中编织着另一个世界。造梦是她独有的天赋。
748,Lyria Warden,猎人,忠诚可靠，值得信赖，兼具果断的特质,伏击战术,她是黑暗中的死神，专门收割那些不应存在于镜界的事物。
749,Darkwind Silverserpent,旅行者,温柔如月，照亮黑暗，兼具随性的特质,距离消弭,作为流浪者，她不属于任何地方，却也属于任何地方。每一次相遇都是命运的安排，每一次分别都是新的开始。
750,Cassandra Wraithborne,战士,温柔如月，照亮黑暗，兼具热血的特质,武器精通,她是镜界的战斗专家，双刃是她最信赖的伙伴。每一次挥剑都是对敌人的致命威胁。
751,Ravenna Frostweaver,神,忠诚可靠，值得信赖，兼具高傲的特质,法则书写,远古的神灵，在镜界形成之初便已存在。她见证了无数灵魂的诞生与消亡，以平静的心态俯瞰这片世界。
752,Moonshade Earthshaker,旅行者,孤独清高，遗世独立，兼具自由的特质,方位直觉,她穿越镜界的每一个位面，以声音的方式记录着所见所闻。体验人生是她永恒的追求。
753,Fern Warden,守护者,神秘莫测，深不可测，兼具忠诚的特质,勇气激发,她曾是普通的灵魂，但镜界的危机唤醒了她内心的力量。如今，她以守护者之名，守护着每一片土地。
754,Sable Frostbane,学者,慈悲为怀，怜爱众生，兼具严谨的特质,学问传授,作为知识的守护者，她将所见所闻记录在古老的典籍中。镜界的每一寸土地，都留有她的足迹与思考。
755,Flora Moonwhisper,战士,冲动热血，易于激动，兼具坚毅的特质,防御姿态,战场是她唯一的归宿，刀光剑影中诠释着生命的意义。她的存在让黑暗势力闻风丧胆。
756,Blackrose Nightwalker,工匠,天真烂漫，纯真无邪，兼具专注的特质,造物之力,她的工作室藏着镜界最珍贵的秘密，每一件作品都讲述着一段独特的故事。
757,Iris Goldenlion,守望者,豁达乐观，笑看风云，兼具沉默的特质,监视之塔,在最高的塔楼上，她日夜注视着地平线。即使风暴将至，她也不会退缩。
758,Psyche The Weaver,神秘者,坚韧不拔，百折不挠，兼具深沉的特质,梦境编织,行走于现实与虚幻的边界，她掌握着常人无法理解的秘术。镜中漫步是她的招牌，神秘而强大。
759,Nimue Starfall,梦者,神秘莫测，深不可测，兼具敏感的特质,噩梦封印,梦境是她最熟悉的领域，在那里她拥有绝对的主宰权。醒来的人们往往不记得她的存在。
760,Hecate Warden,占卜师,狡黠聪慧，智计百出，兼具神秘的特质,未来预见,她能窥见命运的丝线，预知未来的轮廓。茶叶是她解读命运的方式。
761,Cordelia Ethereal,神秘者,冷峻如霜，洞察本质，兼具好奇的特质,符文刻写,行走于现实与虚幻的边界，她掌握着常人无法理解的秘术。虚数空间是她的招牌，神秘而强大。
762,Rosemary Lightbringer,诗人,冷峻如霜，洞察本质，兼具细腻的特质,灵感迸发,她是镜界的吟游诗人，用词句编织着灵魂的故事。每首诗歌都是一段被遗忘的记忆。
763,Seraphelle Nightshade,文员,豁达乐观，笑看风云，兼具条理的特质,档案管理,她是镜界秩序的维护者，负责管理着无数灵魂的信息档案。事务协调是她每日的职责。
764,Calista The Wanderer,学者,天真烂漫，纯真无邪，兼具严谨的特质,解析之眼,她穷尽一生追寻镜界的真理，图书馆是她最常停留的地方。灵魂奥秘是她研究的核心课题。
765,Ivoryl Enigmatica,旅行者,如风般自由，不受束缚，兼具开放的特质,距离消弭,没有灵魂比她走过更多的镜界角落。脚步不停，风景不止，这是她唯一的信条。
766,Countess Ethereal,学者,天真烂漫，纯真无邪，兼具理性的特质,真理追寻,她是镜界最博学的灵魂之一，科学领域的权威。虽然性格外向，却乐于分享自己的发现。
767,Seraphina The Oracle,园丁,天真烂漫，纯真无邪，兼具细腻的特质,季节操控,她在镜界培育着一座属于自己的花园。光之园是她精心照料的领域。
768,Iris Keeper,守护者,沉静如水，波澜不惊，兼具忠诚的特质,镜盾防御,她是被镜界意志选中的守护者，誓死捍卫这片世界的安宁。手持反射之盾，将一切入侵者化为虚无。
769,Lunaria The Knight,守护者,冷峻如霜，洞察本质，兼具勇敢的特质,守护之壁,她曾是普通的灵魂，但镜界的危机唤醒了她内心的力量。如今，她以守护者之名，守护着每一片土地。
770,Juniper The Keeper,医者,静若处子，动若脱兔，兼具细腻的特质,灵魂缝合,她掌握着生命的奥秘，能够缝合最深的创伤。在镜界，她是最受敬重的存在之一。
771,Sage The Keeper,学者,神秘莫测，深不可测，兼具求知的特质,解析之眼,作为知识的守护者，她将所见所闻记录在古老的典籍中。镜界的每一寸土地，都留有她的足迹与思考。
772,Morgana of Dreams,学者,优雅从容，气质高贵，兼具严谨的特质,解析之眼,她穷尽一生追寻镜界的真理，图书馆是她最常停留的地方。时空法则是她研究的核心课题。
773,Raven Dreamweaver,歌者,冷峻如霜，洞察本质，兼具开朗的特质,音波攻击,每首歌曲都是一段旅程，每个音符都是一缕情感。她的声音是镜界最美的礼物。
774,Pandora The Singer,医者,慈悲为怀，怜爱众生，兼具细腻的特质,净化毒素,她是镜界的治愈者，游走于受伤的灵魂之间。音乐是她治愈伤痛的方式。
775,Morticia Duskwalker,战士,狡黠聪慧，智计百出，兼具坚毅的特质,镜斩,以战斗为生，以胜利为荣。她是镜界最强的战士之一，从未尝过失败的滋味。
776,Nocturne Vermillion,收藏家,豁达乐观，笑看风云，兼具执着的特质,稀有发现,她收集镜界所有珍奇的事物，神秘宝石是她最珍贵的藏品。
777,Evangeline Nightwalker,猎人,慈悲为怀，怜爱众生，兼具果断的特质,暗影潜行,她是镜界的追踪者，没有猎物能逃过她的追踪。光明追踪是她的标志。
778,Starweaver Dreamweaver,守护者,坚韧不拔，百折不挠，兼具坚定的特质,勇气激发,她是被镜界意志选中的守护者，誓死捍卫这片世界的安宁。手持反射之盾，将一切入侵者化为虚无。
779,Raven Conclave of,占卜师,犹豫不决，优柔寡断，兼具神秘的特质,命数演算,作为占卜师，她知道太多不该知道的事。有时，她希望自己从未拥有这份能力。
780,Charlotte Frostweaver,园丁,慈悲为怀，怜爱众生，兼具细腻的特质,花园构筑,在镜界的某处，有一片只有她知道的秘密花园，那里有她所有的心血与爱。
781,Cordelia Baroness,神秘者,内敛含蓄，蓄势待发，兼具好奇的特质,咒语吟唱,行走于现实与虚幻的边界，她掌握着常人无法理解的秘术。镜中漫步是她的招牌，神秘而强大。
782,Ravenna The Weaver,占卜师,敏感细腻，感受敏锐，兼具洞察的特质,占卜之术,她能窥见命运的丝线，预知未来的轮廓。星象是她解读命运的方式。
783,Rosalind The Seeker,占卜师,孤独清高，遗世独立，兼具深沉的特质,命数演算,没有人能在她面前隐藏秘密，因为她看到的不是现在，而是因果的锁链。
784,Aspen Winterborne,守护者,静若处子，动若脱兔，兼具勇敢的特质,净化之光,作为废墟的守护者，她的存在本身就是一道不可逾越的屏障。她的职责是保护那些脆弱的灵魂。
785,Stella Voidtouched,猎人,敏感细腻，感受敏锐，兼具果断的特质,目标锁定,在阴影中潜行，在静默中出击。她的猎杀精准而优雅，如同艺术一般。
786,Rosemary Sentinel,园丁,聪慧机敏，反应敏捷，兼具朴实的特质,花园构筑,每一株植物都与她有着特殊的联系，她能听到它们的低语，感受到它们的情感。
787,Artemis Circle of,学者,犹豫不决，优柔寡断，兼具严谨的特质,记忆图书馆,作为知识的守护者，她将所见所闻记录在古老的典籍中。镜界的每一寸土地，都留有她的足迹与思考。
788,Vampira Blackwood,诗人,豁达乐观，笑看风云，兼具敏感的特质,意境共鸣,在镜界的寂静角落，她低声吟唱着自己的诗篇。那些词语如同星尘，洒落在这片世界。
789,Ebony Winterborne,猎人,如风般自由，不受束缚，兼具敏锐的特质,陷阱设置,她是黑暗中的死神，专门收割那些不应存在于镜界的事物。
790,Persephone Shadowmere,学者,如风般自由，不受束缚，兼具理性的特质,智慧之眼,作为知识的守护者，她将所见所闻记录在古老的典籍中。镜界的每一寸土地，都留有她的足迹与思考。
791,Arabella Astral,战士,犹豫不决，优柔寡断，兼具热血的特质,反射之刃,以战斗为生，以胜利为荣。她是镜界最强的战士之一，从未尝过失败的滋味。
792,Elder Goldleaf,梦者,温柔如月，照亮黑暗，兼具迷茫的特质,沉睡之力,梦境是她最熟悉的领域，在那里她拥有绝对的主宰权。醒来的人们往往不记得她的存在。
793,Adelaide Lady,守护者,热情如火，燃烧一切，兼具勇敢的特质,净化之光,作为核心的守护者，她的存在本身就是一道不可逾越的屏障。她的职责是保护那些脆弱的灵魂。
794,Artemis Mistress,工匠,热情如火，燃烧一切，兼具耐心的特质,精工细作,作为工匠，她相信万物皆可重塑。即使是破碎的灵魂，在她手中也能获得新生。
795,Flora Circle of,神秘者,忠诚可靠，值得信赖，兼具深沉的特质,咒语吟唱,行走于现实与虚幻的边界，她掌握着常人无法理解的秘术。梦境编织是她的招牌，神秘而强大。
796,Shade Lightbringer,守墓者,热情开朗，光芒四射，兼具肃穆的特质,寂静之力,死亡对她而言不是终结，而是另一种开始。她为每一个离去的灵魂指引方向。
797,Violet The Oracle,工匠,孤独清高，遗世独立，兼具专注的特质,造物之力,作为工匠，她相信万物皆可重塑。即使是破碎的灵魂，在她手中也能获得新生。
798,Marigold Dame,守墓者,犹豫不决，优柔寡断，兼具肃穆的特质,记忆守护,她守护着镜界的死者安息，在寂静中陪伴着消逝的灵魂。记录是她永恒的职责。
799,Obsidian Shadowdancer,诗人,犹豫不决，优柔寡断，兼具敏感的特质,词句编织,以诗为剑，以词为盾。她的诗句拥有超越文字本身的力量，能够触动最坚硬的心。
800,Sin Brightblade,战士,犹豫不决，优柔寡断，兼具热血的特质,连击之术,战场是她唯一的归宿，刀光剑影中诠释着生命的意义。她的存在让黑暗势力闻风丧胆。
801,Morgana Viscountess,神秘者,优雅从容，气质高贵，兼具神秘的特质,记忆窥探,她是镜界的探索者，穿越一个又一个未知的领域。没有人知道她的过去，也没人能预测她的未来。
802,Ondine Flamekeeper,守望者,敏感细腻，感受敏锐，兼具沉默的特质,预警系统,孤独是她的伴侣，但她从未抱怨。因为她知道，她的职责关乎整个镜界的安危。
803,Seraphina The Weaver,园丁,冲动热血，易于激动，兼具细腻的特质,绿意盎然,每一株植物都与她有着特殊的联系，她能听到它们的低语，感受到它们的情感。
804,Ebony Ironforge,编织者,坚韧不拔，百折不挠，兼具耐心的特质,命运缝补,命运之线在她指尖流转，能够编织出无限的可能。她是少数能触碰因果的存在。
805,Malice Mistress,医者,温柔如月，照亮黑暗，兼具无私的特质,净化毒素,她是镜界的治愈者，游走于受伤的灵魂之间。魔法是她治愈伤痛的方式。
806,Darkwind Keeper,守护者,孤独清高，遗世独立，兼具勇敢的特质,守护之壁,作为深渊的守护者，她的存在本身就是一道不可逾越的屏障。她的职责是保护那些脆弱的灵魂。
807,Rosemary Gloaming,文员,叛逆不羁，自由洒脱，兼具细心的特质,秩序维护,她是镜界最不可或缺的存在之一，虽然不起眼，却维系着整个世界的运转。
808,Fern Leafsinger,神,温柔如月，照亮黑暗，兼具高傲的特质,创世之力,作为高位存在，她的力量与镜界本源相连。每当镜界出现裂痕，她便以唤醒之力修补，维持着世界的平衡。
809,Arilyn Eclipse,工匠,忠诚可靠，值得信赖，兼具专注的特质,造物之力,作为工匠，她相信万物皆可重塑。即使是破碎的灵魂，在她手中也能获得新生。
810,Crimson Gloaming,守护者,执着坚定，矢志不渝，兼具坚定的特质,镜盾防御,她是被镜界意志选中的守护者，誓死捍卫这片世界的安宁。手持反射之盾，将一切入侵者化为虚无。
811,Luna The Weaver,文员,沉静如水，波澜不惊，兼具条理的特质,资料检索,她是镜界秩序的维护者，负责管理着无数灵魂的信息档案。秩序维护是她每日的职责。
812,Ivoryl Windwhisper,文员,狡黠聪慧，智计百出，兼具细心的特质,档案管理,她是镜界最不可或缺的存在之一，虽然不起眼，却维系着整个世界的运转。
813,Circe The Sage,守墓者,慈悲为怀，怜爱众生，兼具沉稳的特质,死亡凝视,在镜界的边缘，在遗忘的角落，她默默守望着那些不再醒来的人。
814,Esmeralda Starweaver,旅行者,叛逆不羁，自由洒脱，兼具随性的特质,空间跨越,她穿越镜界的每一个位面，以影像的方式记录着所见所闻。体验人生是她永恒的追求。
815,Elowen The Sage,守护者,冲动热血，易于激动，兼具果敢的特质,反射攻击,作为花园的守护者，她的存在本身就是一道不可逾越的屏障。她的职责是保护那些脆弱的灵魂。
816,Calista Mystara,工匠,优雅从容，气质高贵，兼具耐心的特质,修复之术,她制作的每件物品都蕴含着特殊的魔力。{craft}是她最擅长的技艺，作品遍布整个镜界。
817,Circe Skysinger,文员,成熟稳重，处事周全，兼具条理的特质,流程优化,她是镜界最不可或缺的存在之一，虽然不起眼，却维系着整个世界的运转。
818,Scarlet of the Abyss,学者,如风般自由，不受束缚，兼具理性的特质,智慧之眼,她是镜界最博学的灵魂之一，科学领域的权威。虽然性格严谨，却乐于分享自己的发现。
819,Fern Bloodthorn,梦者,热情开朗，光芒四射，兼具迷茫的特质,幻象创造,梦境是她最熟悉的领域，在那里她拥有绝对的主宰权。醒来的人们往往不记得她的存在。
820,Rosalind of the North,神秘者,孤独清高，遗世独立，兼具疏离的特质,幻影术,行走于现实与虚幻的边界，她掌握着常人无法理解的秘术。幻影术是她的招牌，神秘而强大。
821,Hex Dreamweaver,战士,聪慧机敏，反应敏捷，兼具果敢的特质,反射之刃,以战斗为生，以胜利为荣。她是镜界最强的战士之一，从未尝过失败的滋味。
822,Isolde Arcanum,文员,执着坚定，矢志不渝，兼具细心的特质,档案管理,在堆积如山的文件之间，她找到了自己的价值。秩序是她永恒的追求。
823,Clio Wraithborne,工匠,坚韧不拔，百折不挠，兼具专注的特质,造物之力,作为工匠，她相信万物皆可重塑。即使是破碎的灵魂，在她手中也能获得新生。
824,Lenobia Stormwind,旅行者,神秘莫测，深不可测，兼具随性的特质,瞬移之步,她穿越镜界的每一个位面，以声音的方式记录着所见所闻。记录美好是她永恒的追求。
825,Empress Windwhisper,守护者,冷峻如霜，洞察本质，兼具坚定的特质,反射攻击,她曾是普通的灵魂，但镜界的危机唤醒了她内心的力量。如今，她以守护者之名，守护着每一片土地。
826,Elisabeth Emberheart,神秘者,冷峻如霜，洞察本质，兼具深沉的特质,幻影术,她是镜界的探索者，穿越一个又一个未知的领域。没有人知道她的过去，也没人能预测她的未来。
827,Willow Covenant of,工匠,静若处子，动若脱兔，兼具务实的特质,造物之力,她制作的每件物品都蕴含着特殊的魔力。{craft}是她最擅长的技艺，作品遍布整个镜界。
828,Victoria Mistress,守望者,聪慧机敏，反应敏捷，兼具忍耐的特质,边界巡逻,她永远站在镜界的边界，注视着可能到来的威胁。地平线是她守望的目标。
829,Arabella Maidens,战士,内敛含蓄，蓄势待发，兼具刚毅的特质,冲锋之力,战场是她唯一的归宿，刀光剑影中诠释着生命的意义。她的存在让黑暗势力闻风丧胆。
830,Seraphina Phantom,收藏家,狡黠聪慧，智计百出，兼具内敛的特质,收藏管理,每件藏品都有它的故事，每个故事她都能娓娓道来。她是镜界最博学的收藏家。
831,Artemisia Arcanum,占卜师,天真烂漫，纯真无邪，兼具洞察的特质,因果追溯,作为占卜师，她知道太多不该知道的事。有时，她希望自己从未拥有这份能力。
832,Clio Phantom,占卜师,热情如火，燃烧一切，兼具深沉的特质,未来预见,她能窥见命运的丝线，预知未来的轮廓。星象是她解读命运的方式。
833,Persephone Gloaming,猎人,叛逆不羁，自由洒脱，兼具冷静的特质,追踪术,在阴影中潜行，在静默中出击。她的猎杀精准而优雅，如同艺术一般。
834,Nyx Ethereal,战士,天真烂漫，纯真无邪，兼具热血的特质,反射之刃,以战斗为生，以胜利为荣。她是镜界最强的战士之一，从未尝过失败的滋味。
835,Cordelia Dreamweaver,守望者,神秘莫测，深不可测，兼具沉默的特质,边界巡逻,在最高的塔楼上，她日夜注视着地平线。即使风暴将至，她也不会退缩。
836,Terra The Knight,旅行者,慈悲为怀，怜爱众生，兼具开放的特质,路径记忆,作为流浪者，她不属于任何地方，却也属于任何地方。每一次相遇都是命运的安排，每一次分别都是新的开始。
837,Henrietta of the Deep,园丁,坚韧不拔，百折不挠，兼具温和的特质,生长引导,在镜界的某处，有一片只有她知道的秘密花园，那里有她所有的心血与爱。
838,Ariadne Leafsinger,学者,犹豫不决，优柔寡断，兼具内敛的特质,记忆图书馆,她是镜界最博学的灵魂之一，科学领域的权威。虽然性格外向，却乐于分享自己的发现。
839,Isolde Celestine,守护者,聪慧机敏，反应敏捷，兼具果敢的特质,誓约之力,她曾是普通的灵魂，但镜界的危机唤醒了她内心的力量。如今，她以守护者之名，守护着每一片土地。
840,Vivienne Goldenlion,守墓者,豁达乐观，笑看风云，兼具肃穆的特质,安魂祈祷,死亡对她而言不是终结，而是另一种开始。她为每一个离去的灵魂指引方向。
841,Daisy Maidens,编织者,豁达乐观，笑看风云，兼具专注的特质,因果织线,命运之线在她指尖流转，能够编织出无限的可能。她是少数能触碰因果的存在。
842,Elara of Twilight,学者,沉静如水，波澜不惊，兼具严谨的特质,记忆图书馆,她穷尽一生追寻镜界的真理，图书馆是她最常停留的地方。记忆之海是她研究的核心课题。
843,Thalindra Mystara,战士,慈悲为怀，怜爱众生，兼具刚毅的特质,防御姿态,战场是她唯一的归宿，刀光剑影中诠释着生命的意义。她的存在让黑暗势力闻风丧胆。
844,Genevieve The Sage,园丁,优雅从容，气质高贵，兼具温和的特质,绿意盎然,每一株植物都与她有着特殊的联系，她能听到它们的低语，感受到它们的情感。
845,Gwyneth Moonwhisper,神秘者,神秘莫测，深不可测，兼具好奇的特质,梦境编织,行走于现实与虚幻的边界，她掌握着常人无法理解的秘术。梦境编织是她的招牌，神秘而强大。
846,Morgana Countess,占卜师,豁达乐观，笑看风云，兼具超然的特质,预兆感知,没有人能在她面前隐藏秘密，因为她看到的不是现在，而是因果的锁链。
847,Daisy Voidtouched,守护者,犹豫不决，优柔寡断，兼具勇敢的特质,勇气激发,作为高峰的守护者，她的存在本身就是一道不可逾越的屏障。她的职责是保护那些脆弱的灵魂。
848,Shade Goldleaf,守墓者,叛逆不羁，自由洒脱，兼具肃穆的特质,安魂祈祷,死亡对她而言不是终结，而是另一种开始。她为每一个离去的灵魂指引方向。
849,Aelindra Leafsinger,工匠,优雅从容，气质高贵，兼具务实的特质,精工细作,她制作的每件物品都蕴含着特殊的魔力。{craft}是她最擅长的技艺，作品遍布整个镜界。
850,Malice Ironforge,园丁,沉静如水，波澜不惊，兼具细腻的特质,生长引导,每一株植物都与她有着特殊的联系，她能听到它们的低语，感受到它们的情感。
851,Fauna Goldenlion,战士,敏感细腻，感受敏锐，兼具果敢的特质,连击之术,她是镜界的战斗专家，光剑是她最信赖的伙伴。每一次挥剑都是对敌人的致命威胁。
852,Gwyneth Circle of,守护者,热情如火，燃烧一切，兼具勇敢的特质,勇气激发,作为深渊的守护者，她的存在本身就是一道不可逾越的屏障。她的职责是保护那些脆弱的灵魂。
853,Fauna Windwhisper,旅行者,冷峻如霜，洞察本质，兼具自由的特质,瞬移之步,没有灵魂比她走过更多的镜界角落。脚步不停，风景不止，这是她唯一的信条。
854,Urania Conclave of,医者,如风般自由，不受束缚，兼具细腻的特质,伤痛抚慰,她掌握着生命的奥秘，能够缝合最深的创伤。在镜界，她是最受敬重的存在之一。
855,Catalina Sunstrider,工匠,成熟稳重，处事周全，兼具精益的特质,炼金术,她的工作室藏着镜界最珍贵的秘密，每一件作品都讲述着一段独特的故事。
856,Rosalind Ethereal,守望者,孤独清高，遗世独立，兼具警觉的特质,边界巡逻,她永远站在镜界的边界，注视着可能到来的威胁。地平线是她守望的目标。
857,Vampira Vermillion,学者,冲动热血，易于激动，兼具理性的特质,解析之眼,她是镜界最博学的灵魂之一，艺术领域的权威。虽然性格严谨，却乐于分享自己的发现。
858,Iris Vermillion,文员,孤独清高，遗世独立，兼具耐心的特质,档案管理,她是镜界秩序的维护者，负责管理着无数灵魂的信息档案。事务协调是她每日的职责。
859,Genevieve The Knight,战士,天真烂漫，纯真无邪，兼具坚毅的特质,连击之术,战场是她唯一的归宿，刀光剑影中诠释着生命的意义。她的存在让黑暗势力闻风丧胆。
860,Esmeralda Mistress,收藏家,忠诚可靠，值得信赖，兼具挑剔的特质,价值评估,在她的宝库中，藏着无数人终其一生都见不到的珍宝。而她，只在等待懂它的人。
861,Umbra Brightblade,猎人,敏感细腻，感受敏锐，兼具敏锐的特质,目标锁定,她是镜界的追踪者，没有猎物能逃过她的追踪。光明追踪是她的标志。
862,Arabella Starfall,诗人,忠诚可靠，值得信赖，兼具敏感的特质,灵感迸发,她是镜界的吟游诗人，用词句编织着灵魂的故事。每首诗歌都是一段被遗忘的记忆。
863,Duchess Vermillion,战士,成熟稳重，处事周全，兼具刚毅的特质,镜斩,她是镜界的战斗专家，镜刃是她最信赖的伙伴。每一次挥剑都是对敌人的致命威胁。
864,Artemis Thornwood,守护者,叛逆不羁，自由洒脱，兼具忠诚的特质,结界展开,她是被镜界意志选中的守护者，誓死捍卫这片世界的安宁。手持反射之盾，将一切入侵者化为虚无。
865,Flora Thornwood,学者,孤独清高，遗世独立，兼具求知的特质,知识殿堂,作为知识的守护者，她将所见所闻记录在古老的典籍中。镜界的每一寸土地，都留有她的足迹与思考。
866,Lilith Baroness,猎人,天真烂漫，纯真无邪，兼具果断的特质,暗影潜行,她是黑暗中的死神，专门收割那些不应存在于镜界的事物。
867,Hecate Skysinger,猎人,热情如火，燃烧一切，兼具敏锐的特质,诱饵布置,在阴影中潜行，在静默中出击。她的猎杀精准而优雅，如同艺术一般。
868,Flora The Hunter,猎人,天真烂漫，纯真无邪，兼具冷静的特质,目标锁定,她是镜界的追踪者，没有猎物能逃过她的追踪。光明追踪是她的标志。
869,Marigold Wraithborne,旅行者,天真烂漫，纯真无邪，兼具开放的特质,方位直觉,作为流浪者，她不属于任何地方，却也属于任何地方。每一次相遇都是命运的安排，每一次分别都是新的开始。
870,Beatrix Winterborne,医者,聪慧机敏，反应敏捷，兼具温柔的特质,伤痛抚慰,她掌握着生命的奥秘，能够缝合最深的创伤。在镜界，她是最受敬重的存在之一。
871,Terpsichore Crystalvale,守墓者,忠诚可靠，值得信赖，兼具沉稳的特质,死亡凝视,在镜界的边缘，在遗忘的角落，她默默守望着那些不再醒来的人。
872,Ebony The Wanderer,诗人,沉静如水，波澜不惊，兼具敏感的特质,灵魂诗篇,在镜界的寂静角落，她低声吟唱着自己的诗篇。那些词语如同星尘，洒落在这片世界。
873,Bellatrix Riverdancer,猎人,狡黠聪慧，智计百出，兼具果断的特质,诱饵布置,她是镜界的追踪者，没有猎物能逃过她的追踪。梦境潜伏是她的标志。
874,Wolfsbane Ravencroft,收藏家,冷峻如霜，洞察本质，兼具博学的特质,稀有发现,她收集镜界所有珍奇的事物，神秘宝石是她最珍贵的藏品。
875,Wrath Warden,旅行者,冷峻如霜，洞察本质，兼具自由的特质,路径记忆,没有灵魂比她走过更多的镜界角落。脚步不停，风景不止，这是她唯一的信条。
876,Thalindra Blackdragon,战士,叛逆不羁，自由洒脱，兼具坚毅的特质,镜斩,战场是她唯一的归宿，刀光剑影中诠释着生命的意义。她的存在让黑暗势力闻风丧胆。
877,Genevieve Vermillion,神秘者,执着坚定，矢志不渝，兼具疏离的特质,记忆窥探,行走于现实与虚幻的边界，她掌握着常人无法理解的秘术。虚数空间是她的招牌，神秘而强大。
878,Lady Earthshaker,文员,温柔如月，照亮黑暗，兼具条理的特质,记录之笔,她是镜界秩序的维护者，负责管理着无数灵魂的信息档案。事务协调是她每日的职责。
879,Aria Dreamweaver,守望者,沉静如水，波澜不惊，兼具沉默的特质,监视之眼,在最高的塔楼上，她日夜注视着地平线。即使风暴将至，她也不会退缩。
880,Seraphina Sentinel,文员,天真烂漫，纯真无邪，兼具耐心的特质,事务协调,她是镜界最不可或缺的存在之一，虽然不起眼，却维系着整个世界的运转。
881,Ariadne The Keeper,工匠,沉静如水，波澜不惊，兼具精益的特质,完美工艺,她的工作室藏着镜界最珍贵的秘密，每一件作品都讲述着一段独特的故事。
882,Lunaria Flamekeeper,梦者,温柔如月，照亮黑暗，兼具梦幻的特质,梦境编织,她的睡眠比常人更长，因为对她而言，梦境才是真正的现实。
883,Seraphina The Singer,猎人,热情开朗，光芒四射，兼具冷静的特质,伏击战术,她是镜界的追踪者，没有猎物能逃过她的追踪。光明追踪是她的标志。
884,Luna Circle of,神秘者,温柔如月，照亮黑暗，兼具好奇的特质,符文刻写,她是镜界的探索者，穿越一个又一个未知的领域。没有人知道她的过去，也没人能预测她的未来。
885,Rosemary Brightblade,守望者,热情如火，燃烧一切，兼具坚毅的特质,边界巡逻,她永远站在镜界的边界，注视着可能到来的威胁。地平线是她守望的目标。
886,Obsidian Obscura,守护者,内敛含蓄，蓄势待发，兼具果敢的特质,守护之壁,她曾是普通的灵魂，但镜界的危机唤醒了她内心的力量。如今，她以守护者之名，守护着每一片土地。
887,Malice Cosmos,医者,孤独清高，遗世独立，兼具仁慈的特质,药草调配,她是镜界的治愈者，游走于受伤的灵魂之间。触碰是她治愈伤痛的方式。
888,Selene Crimsonveil,猎人,坚韧不拔，百折不挠，兼具果断的特质,目标锁定,她是黑暗中的死神，专门收割那些不应存在于镜界的事物。
889,Juliet Twilight,工匠,叛逆不羁，自由洒脱，兼具精益的特质,物品强化,她制作的每件物品都蕴含着特殊的魔力。{craft}是她最擅长的技艺，作品遍布整个镜界。
890,Arilyn Leafsinger,战士,内敛含蓄，蓄势待发，兼具果敢的特质,战意沸腾,她是镜界的战斗专家，暗矛是她最信赖的伙伴。每一次挥剑都是对敌人的致命威胁。
891,Flora Priestess,守护者,豁达乐观，笑看风云，兼具勇敢的特质,誓约之力,她是被镜界意志选中的守护者，誓死捍卫这片世界的安宁。手持反射之盾，将一切入侵者化为虚无。
892,Cordelia Starweaver,收藏家,忠诚可靠，值得信赖，兼具内敛的特质,收集之力,每件藏品都有它的故事，每个故事她都能娓娓道来。她是镜界最博学的收藏家。
893,Wrath Astral,歌者,热情开朗，光芒四射，兼具感性的特质,鼓舞之力,天籁之音，绕梁三日。她用歌声抚慰受伤的灵魂，用旋律点亮黑暗的角落。
894,Shade Dreamweaver,园丁,慈悲为怀，怜爱众生，兼具耐心的特质,季节操控,每一株植物都与她有着特殊的联系，她能听到它们的低语，感受到它们的情感。
895,Celestine of Dreams,工匠,慈悲为怀，怜爱众生，兼具专注的特质,物品强化,她的工作室藏着镜界最珍贵的秘密，每一件作品都讲述着一段独特的故事。
896,Victoria Gloaming,神秘者,聪慧机敏，反应敏捷，兼具好奇的特质,梦境编织,行走于现实与虚幻的边界，她掌握着常人无法理解的秘术。镜中漫步是她的招牌，神秘而强大。
897,Arilyn Eveningstar,占卜师,热情开朗，光芒四射，兼具深沉的特质,宿命揭示,她能窥见命运的丝线，预知未来的轮廓。星象是她解读命运的方式。
898,Yarrow Warden,工匠,冷峻如霜，洞察本质，兼具耐心的特质,修复之术,作为工匠，她相信万物皆可重塑。即使是破碎的灵魂，在她手中也能获得新生。
899,Medea The Singer,神秘者,成熟稳重，处事周全，兼具好奇的特质,虚数空间,神秘笼罩着她的身影，在镜界的角落，总能发现她留下的奇异痕迹。她的起源是她永恒的谜题。
900,Evangeline Silvermist,守护者,坚韧不拔，百折不挠，兼具勇敢的特质,反射攻击,她是被镜界意志选中的守护者，誓死捍卫这片世界的安宁。手持反射之盾，将一切入侵者化为虚无。
901,Aspen Crystalvale,园丁,静若处子，动若脱兔，兼具细腻的特质,花语交流,在镜界的某处，有一片只有她知道的秘密花园，那里有她所有的心血与爱。
902,Empress Arcanum,守护者,孤独清高，遗世独立，兼具坚定的特质,牺牲庇护,她曾是普通的灵魂，但镜界的危机唤醒了她内心的力量。如今，她以守护者之名，守护着每一片土地。
903,Starweaver Shadowmere,学者,静若处子，动若脱兔，兼具理性的特质,解析之眼,作为知识的守护者，她将所见所闻记录在古老的典籍中。镜界的每一寸土地，都留有她的足迹与思考。
904,Lady Brightblade,守墓者,犹豫不决，优柔寡断，兼具宁静的特质,轮回指引,她守护着镜界的死者安息，在寂静中陪伴着消逝的灵魂。安抚是她永恒的职责。
905,Euterpe of the Abyss,神秘者,忠诚可靠，值得信赖，兼具疏离的特质,咒语吟唱,她是镜界的探索者，穿越一个又一个未知的领域。没有人知道她的过去，也没人能预测她的未来。
906,Aelindra The Singer,旅行者,静若处子，动若脱兔，兼具好奇的特质,旅途指引,没有灵魂比她走过更多的镜界角落。脚步不停，风景不止，这是她唯一的信条。
907,Fauna Baroness,旅行者,叛逆不羁，自由洒脱，兼具开放的特质,方位直觉,没有灵魂比她走过更多的镜界角落。脚步不停，风景不止，这是她唯一的信条。
908,Ivoryl Eclipse,旅行者,犹豫不决，优柔寡断，兼具随性的特质,坐标锁定,她穿越镜界的每一个位面，以文字的方式记录着所见所闻。体验人生是她永恒的追求。
909,Arabella Celestine,诗人,冲动热血，易于激动，兼具敏感的特质,意境共鸣,她是镜界的吟游诗人，用词句编织着灵魂的故事。每首诗歌都是一段被遗忘的记忆。
910,Nocturne Ironforge,守护者,沉静如水，波澜不惊，兼具忠诚的特质,镜盾防御,作为高峰的守护者，她的存在本身就是一道不可逾越的屏障。她的职责是保护那些脆弱的灵魂。
911,Blackrose Voidtouched,医者,天真烂漫，纯真无邪，兼具细腻的特质,伤痛抚慰,她是镜界的治愈者，游走于受伤的灵魂之间。草药是她治愈伤痛的方式。
912,Athena The Wanderer,守护者,热情如火，燃烧一切，兼具坚定的特质,牺牲庇护,作为深渊的守护者，她的存在本身就是一道不可逾越的屏障。她的职责是保护那些脆弱的灵魂。
913,Stella The Singer,占卜师,坚韧不拔，百折不挠，兼具洞察的特质,预兆感知,没有人能在她面前隐藏秘密，因为她看到的不是现在，而是因果的锁链。
914,Gwyneth Starfall,神,冲动热血，易于激动，兼具高傲的特质,命运编织,她是镜界的创世神灵之一，掌管着空间的法则。在虚空中诞生，以威严之姿守护着这个精神世界的运转。
915,Raven Flamekeeper,园丁,执着坚定，矢志不渝，兼具朴实的特质,自然之力,在镜界的某处，有一片只有她知道的秘密花园，那里有她所有的心血与爱。
916,Obsidian Silvermist,守护者,天真烂漫，纯真无邪，兼具坚定的特质,结界展开,她是被镜界意志选中的守护者，誓死捍卫这片世界的安宁。手持反射之盾，将一切入侵者化为虚无。
917,Elara The Knight,旅行者,如风般自由，不受束缚，兼具随性的特质,旅途指引,她穿越镜界的每一个位面，以影像的方式记录着所见所闻。体验人生是她永恒的追求。
918,Blackrose Emberheart,守护者,热情如火，燃烧一切，兼具勇敢的特质,勇气激发,她是被镜界意志选中的守护者，誓死捍卫这片世界的安宁。手持反射之盾，将一切入侵者化为虚无。
919,Countess The Hunter,医者,静若处子，动若脱兔，兼具仁慈的特质,健康守护,她掌握着生命的奥秘，能够缝合最深的创伤。在镜界，她是最受敬重的存在之一。
920,Demeter Dawnbreaker,占卜师,忠诚可靠，值得信赖，兼具超然的特质,因果追溯,作为占卜师，她知道太多不该知道的事。有时，她希望自己从未拥有这份能力。
921,Euterpe Shadowmere,收藏家,如风般自由，不受束缚，兼具内敛的特质,宝物鉴定,她收集镜界所有珍奇的事物，稀有植物是她最珍贵的藏品。
922,Arilyn Covenant of,守护者,沉静如水，波澜不惊，兼具勇敢的特质,结界展开,她是被镜界意志选中的守护者，誓死捍卫这片世界的安宁。手持反射之盾，将一切入侵者化为虚无。
923,Ebony Guardian,占卜师,狡黠聪慧，智计百出，兼具洞察的特质,命数演算,没有人能在她面前隐藏秘密，因为她看到的不是现在，而是因果的锁链。
924,Clio Arcanum,工匠,执着坚定，矢志不渝，兼具务实的特质,修复之术,她制作的每件物品都蕴含着特殊的魔力。{craft}是她最擅长的技艺，作品遍布整个镜界。
925,Luna Sentinel,神秘者,狡黠聪慧，智计百出，兼具好奇的特质,异界召唤,她是镜界的探索者，穿越一个又一个未知的领域。没有人知道她的过去，也没人能预测她的未来。
926,Yarrow Nightwalker,守望者,犹豫不决，优柔寡断，兼具忍耐的特质,警戒信号,她永远站在镜界的边界，注视着可能到来的威胁。地平线是她守望的目标。
927,Circe Viscountess,守望者,慈悲为怀，怜爱众生，兼具警觉的特质,监视之眼,她永远站在镜界的边界，注视着可能到来的威胁。地平线是她守望的目标。
928,Artemis Emberheart,神秘者,豁达乐观，笑看风云，兼具疏离的特质,符文刻写,神秘笼罩着她的身影，在镜界的角落，总能发现她留下的奇异痕迹。她的过去是她永恒的谜题。
929,Tempest Windwhisper,文员,内敛含蓄，蓄势待发，兼具细心的特质,秩序维护,她是镜界秩序的维护者，负责管理着无数灵魂的信息档案。事务协调是她每日的职责。
930,Iris of Starlight,旅行者,天真烂漫，纯真无邪，兼具随性的特质,空间跨越,她穿越镜界的每一个位面，以影像的方式记录着所见所闻。记录美好是她永恒的追求。
931,Elder of the Void,守墓者,敏感细腻，感受敏锐，兼具淡泊的特质,灵魂引导,在镜界的边缘，在遗忘的角落，她默默守望着那些不再醒来的人。
932,Seraphina Synod of,医者,豁达乐观，笑看风云，兼具仁慈的特质,灵魂缝合,慈悲是她的本性，无论灵魂因何受伤，她都会伸出援手。医者仁心，说的便是她。
933,Raven Ravencroft,医者,坚韧不拔，百折不挠，兼具仁慈的特质,药草调配,她掌握着生命的奥秘，能够缝合最深的创伤。在镜界，她是最受敬重的存在之一。
934,Bloodmoon Lady,诗人,执着坚定，矢志不渝，兼具理想的特质,意境共鸣,她是镜界的吟游诗人，用词句编织着灵魂的故事。每首诗歌都是一段被遗忘的记忆。
935,Darkwind Stormcaller,神秘者,神秘莫测，深不可测，兼具深沉的特质,异界召唤,她是镜界的探索者，穿越一个又一个未知的领域。没有人知道她的过去，也没人能预测她的未来。
936,Ondine Obscura,战士,孤独清高，遗世独立，兼具果敢的特质,连击之术,战场是她唯一的归宿，刀光剑影中诠释着生命的意义。她的存在让黑暗势力闻风丧胆。
937,Hecate Enigmatica,猎人,犹豫不决，优柔寡断，兼具隐忍的特质,陷阱设置,她是镜界的追踪者，没有猎物能逃过她的追踪。梦境潜伏是她的标志。
938,Umbra of Dreams,园丁,如风般自由，不受束缚，兼具细腻的特质,生命培育,每一株植物都与她有着特殊的联系，她能听到它们的低语，感受到它们的情感。
939,Stella Priestess,猎人,慈悲为怀，怜爱众生，兼具隐忍的特质,野兽沟通,她是黑暗中的死神，专门收割那些不应存在于镜界的事物。
940,Willow Ashford,工匠,犹豫不决，优柔寡断，兼具务实的特质,精工细作,她制作的每件物品都蕴含着特殊的魔力。{craft}是她最擅长的技艺，作品遍布整个镜界。
941,Willow Voidtouched,占卜师,优雅从容，气质高贵，兼具超然的特质,预兆感知,作为占卜师，她知道太多不该知道的事。有时，她希望自己从未拥有这份能力。
942,Iris Maidens,工匠,狡黠聪慧，智计百出，兼具务实的特质,完美工艺,她的工作室藏着镜界最珍贵的秘密，每一件作品都讲述着一段独特的故事。
943,Ophelia Bloodthorn,守望者,成熟稳重，处事周全，兼具警觉的特质,边界巡逻,她永远站在镜界的边界，注视着可能到来的威胁。虚空是她守望的目标。
944,Elowen Synod of,守护者,沉静如水，波澜不惊，兼具勇敢的特质,镜盾防御,她曾是普通的灵魂，但镜界的危机唤醒了她内心的力量。如今，她以守护者之名，守护着每一片土地。
945,Nyxara Nebula,歌者,冲动热血，易于激动，兼具开朗的特质,情绪共鸣,她的歌声能穿透镜界的每一个角落。安魂曲是她最擅长的曲调，令人沉醉不已。
946,Ivoryl Eveningstar,旅行者,豁达乐观，笑看风云，兼具好奇的特质,坐标锁定,她穿越镜界的每一个位面，以影像的方式记录着所见所闻。寻找同类是她永恒的追求。
947,Victoria Seawarden,文员,热情开朗，光芒四射，兼具务实的特质,文书魔法,她是镜界秩序的维护者，负责管理着无数灵魂的信息档案。秩序维护是她每日的职责。
948,Urania Thornwood,歌者,内敛含蓄，蓄势待发，兼具开朗的特质,安魂之曲,天籁之音，绕梁三日。她用歌声抚慰受伤的灵魂，用旋律点亮黑暗的角落。
949,Clio Flamekeeper,文员,优雅从容，气质高贵，兼具条理的特质,记录之笔,她是镜界秩序的维护者，负责管理着无数灵魂的信息档案。秩序维护是她每日的职责。
950,Cordelia The Wanderer,诗人,敏感细腻，感受敏锐，兼具细腻的特质,韵律操控,在镜界的寂静角落，她低声吟唱着自己的诗篇。那些词语如同星尘，洒落在这片世界。
951,Sable Sentinel,神秘者,冲动热血，易于激动，兼具疏离的特质,异界召唤,她是镜界的探索者，穿越一个又一个未知的领域。没有人知道她的过去，也没人能预测她的未来。
952,Isolde Goldenlion,医者,静若处子，动若脱兔，兼具仁慈的特质,灵魂缝合,慈悲是她的本性，无论灵魂因何受伤，她都会伸出援手。医者仁心，说的便是她。
953,Sylvara Sentinel,诗人,执着坚定，矢志不渝，兼具浪漫的特质,诗意降临,以诗为剑，以词为盾。她的诗句拥有超越文字本身的力量，能够触动最坚硬的心。
954,Raven Duskwalker,编织者,孤独清高，遗世独立，兼具细腻的特质,未来编织,她的织机永不停歇，每一根丝线都是一段未完的故事。
955,Terra Voidtouched,学者,狡黠聪慧，智计百出，兼具理性的特质,真理追寻,她是镜界最博学的灵魂之一，艺术领域的权威。虽然性格内向，却乐于分享自己的发现。
956,Violet The Witch,医者,慈悲为怀，怜爱众生，兼具仁慈的特质,生命复苏,慈悲是她的本性，无论灵魂因何受伤，她都会伸出援手。医者仁心，说的便是她。
957,Bloodmoon Maidens,占卜师,沉静如水，波澜不惊，兼具深沉的特质,预兆感知,没有人能在她面前隐藏秘密，因为她看到的不是现在，而是因果的锁链。
958,Ariadne Order of the,守望者,豁达乐观，笑看风云，兼具警觉的特质,边界巡逻,她永远站在镜界的边界，注视着可能到来的威胁。虚空是她守望的目标。
959,Onyx The Knight,守望者,冲动热血，易于激动，兼具沉默的特质,边界巡逻,孤独是她的伴侣，但她从未抱怨。因为她知道，她的职责关乎整个镜界的安危。
960,Daisy Stormwind,诗人,如风般自由，不受束缚，兼具细腻的特质,词句编织,在镜界的寂静角落，她低声吟唱着自己的诗篇。那些词语如同星尘，洒落在这片世界。
961,Nimue The Hunter,守望者,敏感细腻，感受敏锐，兼具警觉的特质,警戒信号,她永远站在镜界的边界，注视着可能到来的威胁。边界是她守望的目标。
962,Elisabeth Crimsonveil,学者,温柔如月，照亮黑暗，兼具求知的特质,真理追寻,作为知识的守护者，她将所见所闻记录在古老的典籍中。镜界的每一寸土地，都留有她的足迹与思考。
963,Elysium Lady,园丁,冲动热血，易于激动，兼具温和的特质,绿意盎然,在镜界的某处，有一片只有她知道的秘密花园，那里有她所有的心血与爱。
964,Aspen Starfall,编织者,忠诚可靠，值得信赖，兼具细腻的特质,线术操控,命运之线在她指尖流转，能够编织出无限的可能。她是少数能触碰因果的存在。
965,Evangeline Silverserpent,编织者,神秘莫测，深不可测，兼具耐心的特质,时间之纱,她编织着镜界最神秘的丝线，每一根线都连接着命运的一个节点。时间之纱是她的天赋。
966,Ivoryl of the Deep,守护者,孤独清高，遗世独立，兼具果敢的特质,镜盾防御,她曾是普通的灵魂，但镜界的危机唤醒了她内心的力量。如今，她以守护者之名，守护着每一片土地。
967,Morgan le Fay The Wanderer,猎人,静若处子，动若脱兔，兼具敏锐的特质,野兽沟通,她是黑暗中的死神，专门收割那些不应存在于镜界的事物。
968,Vesper The Singer,守望者,热情如火，燃烧一切，兼具忍耐的特质,监视之塔,在最高的塔楼上，她日夜注视着地平线。即使风暴将至，她也不会退缩。
969,Sage of Dreams,歌者,成熟稳重，处事周全，兼具感性的特质,歌声诱惑,她的歌声能穿透镜界的每一个角落。安魂曲是她最擅长的曲调，令人沉醉不已。
970,Morrigan Silvermist,神秘者,忠诚可靠，值得信赖，兼具深沉的特质,虚数空间,神秘笼罩着她的身影，在镜界的角落，总能发现她留下的奇异痕迹。她的过去是她永恒的谜题。
971,Clementine Sentinel,学者,慈悲为怀，怜爱众生，兼具理性的特质,推演之力,她穷尽一生追寻镜界的真理，图书馆是她最常停留的地方。灵魂奥秘是她研究的核心课题。
972,Lilith Celestine,编织者,如风般自由，不受束缚，兼具细腻的特质,线术操控,她编织着镜界最神秘的丝线，每一根线都连接着命运的一个节点。因果之网是她的天赋。
973,Ondine Enigmatica,学者,聪慧机敏，反应敏捷，兼具内敛的特质,推演之力,她穷尽一生追寻镜界的真理，图书馆是她最常停留的地方。灵魂奥秘是她研究的核心课题。
974,Psyche of Sorrows,神,热情如火，燃烧一切，兼具慈悲的特质,虚实转化,她是镜界的创世神灵之一，掌管着梦境的法则。在虚空中诞生，以宁静之姿守护着这个精神世界的运转。
975,Malice Darkhollow,收藏家,忠诚可靠，值得信赖，兼具内敛的特质,宝物鉴定,她收集镜界所有珍奇的事物，神秘宝石是她最珍贵的藏品。
976,Psyche Nebula,神,坚韧不拔，百折不挠，兼具冷漠的特质,因果操控,远古的神灵，在镜界形成之初便已存在。她见证了无数灵魂的诞生与消亡，以好奇的心态俯瞰这片世界。
977,Faelina Riverdancer,梦者,优雅从容，气质高贵，兼具敏感的特质,噩梦封印,她的睡眠比常人更长，因为对她而言，梦境才是真正的现实。
978,Ondine Arcanum,守护者,慈悲为怀，怜爱众生，兼具坚定的特质,誓约之力,她曾是普通的灵魂，但镜界的危机唤醒了她内心的力量。如今，她以守护者之名，守护着每一片土地。
979,Crimson Maidens,神秘者,温柔如月，照亮黑暗，兼具深沉的特质,符文刻写,行走于现实与虚幻的边界，她掌握着常人无法理解的秘术。梦境编织是她的招牌，神秘而强大。
980,Rowan Twilight,神,成熟稳重，处事周全，兼具慈悲的特质,时空扭曲,远古的神灵，在镜界形成之初便已存在。她见证了无数灵魂的诞生与消亡，以深邃的心态俯瞰这片世界。
981,Genevieve Guardian,学者,狡黠聪慧，智计百出，兼具求知的特质,记忆图书馆,她穷尽一生追寻镜界的真理，图书馆是她最常停留的地方。世界本源是她研究的核心课题。
982,Vesper Shadowmere,守护者,冲动热血，易于激动，兼具忠诚的特质,反射攻击,她是被镜界意志选中的守护者，誓死捍卫这片世界的安宁。手持反射之盾，将一切入侵者化为虚无。
983,Wrath of Dreams,神秘者,豁达乐观，笑看风云，兼具好奇的特质,镜中漫步,神秘笼罩着她的身影，在镜界的角落，总能发现她留下的奇异痕迹。她的过去是她永恒的谜题。
984,Vesper Shadowmere,战士,静若处子，动若脱兔，兼具刚毅的特质,冲锋之力,她是镜界的战斗专家，暗矛是她最信赖的伙伴。每一次挥剑都是对敌人的致命威胁。
985,Psyche Dreamweaver,歌者,慈悲为怀，怜爱众生，兼具开朗的特质,情绪共鸣,天籁之音，绕梁三日。她用歌声抚慰受伤的灵魂，用旋律点亮黑暗的角落。
986,Lilith Shadowmere,诗人,静若处子，动若脱兔，兼具细腻的特质,灵感迸发,以诗为剑，以词为盾。她的诗句拥有超越文字本身的力量，能够触动最坚硬的心。
987,Faelina Sentinel,守墓者,沉静如水，波澜不惊，兼具淡泊的特质,记忆守护,她守护着镜界的死者安息，在寂静中陪伴着消逝的灵魂。引导是她永恒的职责。
988,Pandora of the Deep,文员,忠诚可靠，值得信赖，兼具细心的特质,文书魔法,在堆积如山的文件之间，她找到了自己的价值。秩序是她永恒的追求。
989,Aurora Riverdancer,文员,叛逆不羁，自由洒脱，兼具条理的特质,文书魔法,在堆积如山的文件之间，她找到了自己的价值。秩序是她永恒的追求。
990,Wrath Sentinel,神,如风般自由，不受束缚，兼具威严的特质,时空扭曲,远古的神灵，在镜界形成之初便已存在。她见证了无数灵魂的诞生与消亡，以喜悦的心态俯瞰这片世界。
991,Lenobia Eclipse,文员,慈悲为怀，怜爱众生，兼具务实的特质,资料检索,她是镜界秩序的维护者，负责管理着无数灵魂的信息档案。档案整理是她每日的职责。
992,Victoria Blackwood,收藏家,冲动热血，易于激动，兼具挑剔的特质,收集之力,在她的宝库中，藏着无数人终其一生都见不到的珍宝。而她，只在等待懂它的人。
993,Nimue Emberheart,守墓者,天真烂漫，纯真无邪，兼具淡泊的特质,灵魂引导,她守护着镜界的死者安息，在寂静中陪伴着消逝的灵魂。引导是她永恒的职责。
994,Circe of Dreams,守墓者,慈悲为怀，怜爱众生，兼具淡泊的特质,寂静之力,她守护着镜界的死者安息，在寂静中陪伴着消逝的灵魂。引导是她永恒的职责。
995,Midnight Starweaver,梦者,豁达乐观，笑看风云，兼具敏感的特质,梦境编织,梦境是她最熟悉的领域，在那里她拥有绝对的主宰权。醒来的人们往往不记得她的存在。
996,Shade Phantom,文员,神秘莫测，深不可测，兼具细心的特质,流程优化,她是镜界秩序的维护者，负责管理着无数灵魂的信息档案。事务协调是她每日的职责。
997,Crimson Eveningstar,旅行者,热情如火，燃烧一切，兼具开放的特质,瞬移之步,没有灵魂比她走过更多的镜界角落。脚步不停，风景不止，这是她唯一的信条。
998,Vervain of the Abyss,猎人,执着坚定，矢志不渝，兼具冷静的特质,野兽沟通,她是镜界的追踪者，没有猎物能逃过她的追踪。光明追踪是她的标志。
999,Selene of Twilight,神秘者,忠诚可靠，值得信赖，兼具好奇的特质,异界召唤,她是镜界的探索者，穿越一个又一个未知的领域。没有人知道她的过去，也没人能预测她的未来。
1000,Rowan Silvermist,梦者,狡黠聪慧，智计百出，兼具敏感的特质,幻象创造,梦境是她最熟悉的领域，在那里她拥有绝对的主宰权。醒来的人们往往不记得她的存在。
1001,Nimue Cosmos,猎人,坚韧不拔，百折不挠，兼具隐忍的特质,诱饵布置,她是黑暗中的死神，专门收割那些不应存在于镜界的事物。
1002,Yarrow Emberheart,神,神秘莫测，深不可测，兼具威严的特质,虚实转化,她是镜界的创世神灵之一，掌管着梦境的法则。在虚空中诞生，以力量之姿守护着这个精神世界的运转。
1003,Sin Ethereal,神秘者,叛逆不羁，自由洒脱，兼具深沉的特质,记忆窥探,她是镜界的探索者，穿越一个又一个未知的领域。没有人知道她的过去，也没人能预测她的未来。
1004,Yarrow The Sage,园丁,天真烂漫，纯真无邪，兼具朴实的特质,绿意盎然,每一株植物都与她有着特殊的联系，她能听到它们的低语，感受到它们的情感。
1005,Vampira Arcanum,梦者,冲动热血，易于激动，兼具梦幻的特质,噩梦封印,她是穿梭于梦境与现实的旅人，在睡意中编织着另一个世界。解梦是她独有的天赋。
1006,Euterpe The Keeper,文员,犹豫不决，优柔寡断，兼具细心的特质,记录之笔,她是镜界秩序的维护者，负责管理着无数灵魂的信息档案。秩序维护是她每日的职责。
1007,Ivoryl Twilight,学者,忠诚可靠，值得信赖，兼具严谨的特质,记忆图书馆,她穷尽一生追寻镜界的真理，图书馆是她最常停留的地方。灵魂奥秘是她研究的核心课题。
1008,Shade Goldleaf,神秘者,内敛含蓄，蓄势待发，兼具深沉的特质,虚数空间,她是镜界的探索者，穿越一个又一个未知的领域。没有人知道她的过去，也没人能预测她的未来。
1009,Midnight Mistress,诗人,优雅从容，气质高贵，兼具理想的特质,灵魂诗篇,以诗为剑，以词为盾。她的诗句拥有超越文字本身的力量，能够触动最坚硬的心。
1010,Catalina Mystara,神秘者,狡黠聪慧，智计百出，兼具好奇的特质,镜中漫步,她是镜界的探索者，穿越一个又一个未知的领域。没有人知道她的过去，也没人能预测她的未来。
1011,Fern The Wanderer,园丁,热情开朗，光芒四射，兼具耐心的特质,生命培育,她在镜界培育着一座属于自己的花园。梦之园是她精心照料的领域。
1012,Clio The Seeker,神秘者,内敛含蓄，蓄势待发，兼具疏离的特质,镜中漫步,她是镜界的探索者，穿越一个又一个未知的领域。没有人知道她的过去，也没人能预测她的未来。
1013,Hex Eclipse,梦者,忠诚可靠，值得信赖，兼具超脱的特质,梦境遨游,她的睡眠比常人更长，因为对她而言，梦境才是真正的现实。
1014,Sylvara Dame,工匠,静若处子，动若脱兔，兼具耐心的特质,构造之力,她制作的每件物品都蕴含着特殊的魔力。{craft}是她最擅长的技艺，作品遍布整个镜界。
1015,Morgana Covenant of,守护者,冲动热血，易于激动，兼具忠诚的特质,牺牲庇护,她曾是普通的灵魂，但镜界的危机唤醒了她内心的力量。如今，她以守护者之名，守护着每一片土地。
1016,Fern of Eternity,梦者,犹豫不决，优柔寡断，兼具迷茫的特质,噩梦封印,她是穿梭于梦境与现实的旅人，在睡意中编织着另一个世界。穿梦是她独有的天赋。
1017,Vampira Obscura,学者,忠诚可靠，值得信赖，兼具内敛的特质,推演之力,作为知识的守护者，她将所见所闻记录在古老的典籍中。镜界的每一寸土地，都留有她的足迹与思考。
1018,Violet Voidtouched,园丁,聪慧机敏，反应敏捷，兼具耐心的特质,植物治愈,她在镜界培育着一座属于自己的花园。光之园是她精心照料的领域。
1019,Ivoryl Silvermist,神秘者,豁达乐观，笑看风云，兼具深沉的特质,梦境编织,行走于现实与虚幻的边界，她掌握着常人无法理解的秘术。梦境编织是她的招牌，神秘而强大。
1020,Ravenna The Seeker,收藏家,聪慧机敏，反应敏捷，兼具内敛的特质,物品识别,每件藏品都有它的故事，每个故事她都能娓娓道来。她是镜界最博学的收藏家。
1021,Sable Moonbinder,歌者,孤独清高，遗世独立，兼具热情的特质,天籁之音,她的歌声能穿透镜界的每一个角落。挽歌是她最擅长的曲调，令人沉醉不已。
1022,Medea Dreamweaver,园丁,优雅从容，气质高贵，兼具耐心的特质,季节操控,在镜界的某处，有一片只有她知道的秘密花园，那里有她所有的心血与爱。
1023,Hex Order of the,战士,慈悲为怀，怜爱众生，兼具坚毅的特质,战意沸腾,她是镜界的战斗专家，双刃是她最信赖的伙伴。每一次挥剑都是对敌人的致命威胁。
1024,Aetherea Lightbringer,守墓者,温柔如月，照亮黑暗，兼具沉稳的特质,永眠之门,她守护着镜界的死者安息，在寂静中陪伴着消逝的灵魂。记录是她永恒的职责。
1025,Vivienne Maidens,文员,热情如火，燃烧一切，兼具条理的特质,事务协调,在堆积如山的文件之间，她找到了自己的价值。秩序是她永恒的追求。
1026,Seraphelle Dawnlight,神秘者,叛逆不羁，自由洒脱，兼具疏离的特质,幻影术,神秘笼罩着她的身影，在镜界的角落，总能发现她留下的奇异痕迹。她的目的是她永恒的谜题。
1027,Thalindra Mistress,神秘者,冷峻如霜，洞察本质，兼具深沉的特质,幻影术,神秘笼罩着她的身影，在镜界的角落，总能发现她留下的奇异痕迹。她的目的是她永恒的谜题。
1028,Bloodmoon Moonbinder,战士,忠诚可靠，值得信赖，兼具果敢的特质,武器精通,战场是她唯一的归宿，刀光剑影中诠释着生命的意义。她的存在让黑暗势力闻风丧胆。
1029,Artemis of Shadows,占卜师,成熟稳重，处事周全，兼具神秘的特质,吉凶判断,没有人能在她面前隐藏秘密，因为她看到的不是现在，而是因果的锁链。
1030,Gwyneth Duskwalker,工匠,热情开朗，光芒四射，兼具精益的特质,完美工艺,她制作的每件物品都蕴含着特殊的魔力。{craft}是她最擅长的技艺，作品遍布整个镜界。
1031,Starweaver Flamekeeper,守望者,狡黠聪慧，智计百出，兼具忍耐的特质,预警传递,在最高的塔楼上，她日夜注视着地平线。即使风暴将至，她也不会退缩。
1032,Daisy Obscura,守护者,冷峻如霜，洞察本质，兼具坚定的特质,誓约之力,她是被镜界意志选中的守护者，誓死捍卫这片世界的安宁。手持反射之盾，将一切入侵者化为虚无。
1033,Vivienne Goldenlion,歌者,犹豫不决，优柔寡断，兼具灵动的特质,音波攻击,每首歌曲都是一段旅程，每个音符都是一缕情感。她的声音是镜界最美的礼物。
1034,Moonshade Shadowmere,守护者,慈悲为怀，怜爱众生，兼具忠诚的特质,净化之光,作为殿堂的守护者，她的存在本身就是一道不可逾越的屏障。她的职责是保护那些脆弱的灵魂。
1035,Shade Countess,工匠,成熟稳重，处事周全，兼具精益的特质,炼金术,作为工匠，她相信万物皆可重塑。即使是破碎的灵魂，在她手中也能获得新生。
1036,Tansy Ironforge,守护者,狡黠聪慧，智计百出，兼具忠诚的特质,镜盾防御,她是被镜界意志选中的守护者，誓死捍卫这片世界的安宁。手持反射之盾，将一切入侵者化为虚无。
1037,Aurora Circle of,诗人,狡黠聪慧，智计百出，兼具细腻的特质,灵魂诗篇,以诗为剑，以词为盾。她的诗句拥有超越文字本身的力量，能够触动最坚硬的心。
1038,Ravenna Baroness,神秘者,温柔如月，照亮黑暗，兼具神秘的特质,梦境编织,她是镜界的探索者，穿越一个又一个未知的领域。没有人知道她的过去，也没人能预测她的未来。
1039,Shadow Viscountess,守望者,热情如火，燃烧一切，兼具坚毅的特质,危险感知,她永远站在镜界的边界，注视着可能到来的威胁。深渊是她守望的目标。
1040,Artemis Priestess,战士,孤独清高，遗世独立，兼具果敢的特质,反射之刃,她是镜界的战斗专家，暗矛是她最信赖的伙伴。每一次挥剑都是对敌人的致命威胁。
1041,Shade The Seeker,守护者,热情如火，燃烧一切，兼具勇敢的特质,净化之光,作为边境的守护者，她的存在本身就是一道不可逾越的屏障。她的职责是保护那些脆弱的灵魂。
1042,Catalina Dame,医者,天真烂漫，纯真无邪，兼具温柔的特质,治愈之光,慈悲是她的本性，无论灵魂因何受伤，她都会伸出援手。医者仁心，说的便是她。
1043,Fern Wraithborne,守墓者,叛逆不羁，自由洒脱，兼具淡泊的特质,遗忘之雾,她守护着镜界的死者安息，在寂静中陪伴着消逝的灵魂。记录是她永恒的职责。
1044,Cordelia Silverserpent,神秘者,聪慧机敏，反应敏捷，兼具疏离的特质,异界召唤,行走于现实与虚幻的边界，她掌握着常人无法理解的秘术。虚数空间是她的招牌，神秘而强大。
1045,Moonshade Obscura,神秘者,内敛含蓄，蓄势待发，兼具疏离的特质,幻影术,行走于现实与虚幻的边界，她掌握着常人无法理解的秘术。梦境编织是她的招牌，神秘而强大。
1046,Bloodmoon Circle of,文员,沉静如水，波澜不惊，兼具条理的特质,事务协调,她是镜界秩序的维护者，负责管理着无数灵魂的信息档案。事务协调是她每日的职责。
1047,Selene Sentinel,编织者,豁达乐观，笑看风云，兼具神秘的特质,丝线编织,她编织着镜界最神秘的丝线，每一根线都连接着命运的一个节点。时间之纱是她的天赋。
1048,Adelaide Maidens,工匠,冷峻如霜，洞察本质，兼具耐心的特质,完美工艺,她制作的每件物品都蕴含着特殊的魔力。{craft}是她最擅长的技艺，作品遍布整个镜界。
1049,Nocturne Darkhollow,园丁,优雅从容，气质高贵，兼具细腻的特质,绿意盎然,在镜界的某处，有一片只有她知道的秘密花园，那里有她所有的心血与爱。
1050,Ariadne Enigmatica,猎人,成熟稳重，处事周全，兼具果断的特质,伏击战术,她是黑暗中的死神，专门收割那些不应存在于镜界的事物。
1051,Arilyn Dawnlight,旅行者,成熟稳重，处事周全，兼具自由的特质,空间跨越,作为流浪者，她不属于任何地方，却也属于任何地方。每一次相遇都是命运的安排，每一次分别都是新的开始。
1052,Morwenna Nightshade,守望者,如风般自由，不受束缚，兼具坚毅的特质,危险感知,她永远站在镜界的边界，注视着可能到来的威胁。深渊是她守望的目标。
1053,Terpsichore Dreamweaver,工匠,优雅从容，气质高贵，兼具耐心的特质,造物之力,她的工作室藏着镜界最珍贵的秘密，每一件作品都讲述着一段独特的故事。
1054,Morgan le Fay Ashford,旅行者,静若处子，动若脱兔，兼具好奇的特质,坐标锁定,她穿越镜界的每一个位面，以绘画的方式记录着所见所闻。体验人生是她永恒的追求。
1055,Iris The Singer,学者,慈悲为怀，怜爱众生，兼具求知的特质,知识殿堂,作为知识的守护者，她将所见所闻记录在古老的典籍中。镜界的每一寸土地，都留有她的足迹与思考。
1056,Ravenna Guardian,占卜师,敏感细腻，感受敏锐，兼具洞察的特质,命数演算,没有人能在她面前隐藏秘密，因为她看到的不是现在，而是因果的锁链。
1057,Calista Ethereal,梦者,孤独清高，遗世独立，兼具超脱的特质,梦境遨游,她是穿梭于梦境与现实的旅人，在睡意中编织着另一个世界。穿梦是她独有的天赋。
1058,Pandora Cosmos,神秘者,叛逆不羁，自由洒脱，兼具深沉的特质,符文刻写,行走于现实与虚幻的边界，她掌握着常人无法理解的秘术。镜中漫步是她的招牌，神秘而强大。
1059,Starweaver Viscountess,歌者,热情如火，燃烧一切，兼具开朗的特质,情绪共鸣,每首歌曲都是一段旅程，每个音符都是一缕情感。她的声音是镜界最美的礼物。
1060,Beatrix Dame,猎人,神秘莫测，深不可测，兼具敏锐的特质,伏击战术,她是黑暗中的死神，专门收割那些不应存在于镜界的事物。
1061,Calliope Shadowdancer,战士,神秘莫测，深不可测，兼具刚毅的特质,冲锋之力,她是镜界的战斗专家，镜刃是她最信赖的伙伴。每一次挥剑都是对敌人的致命威胁。
1062,Isolde The Weaver,医者,冲动热血，易于激动，兼具细腻的特质,生命灌注,慈悲是她的本性，无论灵魂因何受伤，她都会伸出援手。医者仁心，说的便是她。
1063,Victoria The Hunter,神秘者,内敛含蓄，蓄势待发，兼具疏离的特质,咒语吟唱,神秘笼罩着她的身影，在镜界的角落，总能发现她留下的奇异痕迹。她的过去是她永恒的谜题。
1064,Catalina Dreamweaver,工匠,慈悲为怀，怜爱众生，兼具耐心的特质,造物之力,她制作的每件物品都蕴含着特殊的魔力。{craft}是她最擅长的技艺，作品遍布整个镜界。
1065,Morgan le Fay Nightwalker,收藏家,孤独清高，遗世独立，兼具挑剔的特质,稀有发现,在她的宝库中，藏着无数人终其一生都见不到的珍宝。而她，只在等待懂它的人。
1066,Umbra Goldenlion,神秘者,热情开朗，光芒四射，兼具深沉的特质,虚数空间,行走于现实与虚幻的边界，她掌握着常人无法理解的秘术。虚数空间是她的招牌，神秘而强大。
1067,Elowen The Seeker,神秘者,温柔如月，照亮黑暗，兼具好奇的特质,虚数空间,神秘笼罩着她的身影，在镜界的角落，总能发现她留下的奇异痕迹。她的真实身份是她永恒的谜题。
1068,Yarrow Obscura,守望者,豁达乐观，笑看风云，兼具忍耐的特质,危险感知,孤独是她的伴侣，但她从未抱怨。因为她知道，她的职责关乎整个镜界的安危。
1069,Urania of Starlight,战士,冷峻如霜，洞察本质，兼具果敢的特质,反射之刃,以战斗为生，以胜利为荣。她是镜界最强的战士之一，从未尝过失败的滋味。
1070,Euterpe Order of the,战士,孤独清高，遗世独立，兼具热血的特质,反射之刃,她是镜界的战斗专家，暗矛是她最信赖的伙伴。每一次挥剑都是对敌人的致命威胁。
1071,Ravenna Crimsonveil,神,沉静如水，波澜不惊，兼具威严的特质,命运编织,她是镜界的创世神灵之一，掌管着意志的法则。在虚空中诞生，以神秘之姿守护着这个精神世界的运转。
1072,Malice Ravencroft,医者,温柔如月，照亮黑暗，兼具仁慈的特质,净化毒素,她掌握着生命的奥秘，能够缝合最深的创伤。在镜界，她是最受敬重的存在之一。
1073,Ariadne Dreamweaver,学者,冷峻如霜，洞察本质，兼具求知的特质,学问传授,她是镜界最博学的灵魂之一，历史领域的权威。虽然性格严谨，却乐于分享自己的发现。
1074,Juniper Brightblade,守望者,坚韧不拔，百折不挠，兼具坚毅的特质,预警系统,孤独是她的伴侣，但她从未抱怨。因为她知道，她的职责关乎整个镜界的安危。
1075,Nyxara Maidens,猎人,孤独清高，遗世独立，兼具果断的特质,追踪术,她是镜界的追踪者，没有猎物能逃过她的追踪。光明追踪是她的标志。
1076,Willow The Oracle,学者,慈悲为怀，怜爱众生，兼具严谨的特质,记忆图书馆,她是镜界最博学的灵魂之一，历史领域的权威。虽然性格外向，却乐于分享自己的发现。
1077,Arilyn Guardian,医者,敏感细腻，感受敏锐，兼具细腻的特质,生命复苏,慈悲是她的本性，无论灵魂因何受伤，她都会伸出援手。医者仁心，说的便是她。
1078,Stella The Seeker,守护者,静若处子，动若脱兔，兼具果敢的特质,反射攻击,作为殿堂的守护者，她的存在本身就是一道不可逾越的屏障。她的职责是保护那些脆弱的灵魂。
1079,Ebony Countess,梦者,成熟稳重，处事周全，兼具迷茫的特质,噩梦封印,她是穿梭于梦境与现实的旅人，在睡意中编织着另一个世界。控梦是她独有的天赋。
1080,Malice Dawnlight,守护者,天真烂漫，纯真无邪，兼具勇敢的特质,牺牲庇护,她是被镜界意志选中的守护者，誓死捍卫这片世界的安宁。手持反射之盾，将一切入侵者化为虚无。
1081,Onyx Conclave of,守墓者,热情如火，燃烧一切，兼具宁静的特质,寂静之力,在镜界的边缘，在遗忘的角落，她默默守望着那些不再醒来的人。
1082,Obsidian of Eternity,神秘者,忠诚可靠，值得信赖，兼具神秘的特质,镜中漫步,行走于现实与虚幻的边界，她掌握着常人无法理解的秘术。镜中漫步是她的招牌，神秘而强大。
1083,Rosalind Guardian,神,执着坚定，矢志不渝，兼具威严的特质,虚实转化,作为高位存在，她的力量与镜界本源相连。每当镜界出现裂痕，她便以超越之力修补，维持着世界的平衡。
1084,Dawnwhisper Enigmatica,梦者,叛逆不羁，自由洒脱，兼具敏感的特质,噩梦封印,梦境是她最熟悉的领域，在那里她拥有绝对的主宰权。醒来的人们往往不记得她的存在。
1085,Pandora Silvermist,神秘者,沉静如水，波澜不惊，兼具神秘的特质,符文刻写,神秘笼罩着她的身影，在镜界的角落，总能发现她留下的奇异痕迹。她的目的是她永恒的谜题。
1086,Juniper Covenant of,收藏家,冷峻如霜，洞察本质，兼具挑剔的特质,价值评估,每件藏品都有它的故事，每个故事她都能娓娓道来。她是镜界最博学的收藏家。
1087,Charlotte Ravencroft,神秘者,慈悲为怀，怜爱众生，兼具神秘的特质,梦境编织,行走于现实与虚幻的边界，她掌握着常人无法理解的秘术。梦境编织是她的招牌，神秘而强大。
1088,Wrath Enigmatica,文员,天真烂漫，纯真无邪，兼具条理的特质,信息整理,她是镜界最不可或缺的存在之一，虽然不起眼，却维系着整个世界的运转。
1089,Hestia of the North,战士,冷峻如霜，洞察本质，兼具坚毅的特质,战斗本能,她是镜界的战斗专家，光剑是她最信赖的伙伴。每一次挥剑都是对敌人的致命威胁。
1090,Nocturne Guardian,诗人,聪慧机敏，反应敏捷，兼具敏感的特质,诗意降临,她是镜界的吟游诗人，用词句编织着灵魂的故事。每首诗歌都是一段被遗忘的记忆。
1091,Ivy Winterborne,工匠,温柔如月，照亮黑暗，兼具专注的特质,完美工艺,她的工作室藏着镜界最珍贵的秘密，每一件作品都讲述着一段独特的故事。
1092,Wrath Ethereal,守望者,热情如火，燃烧一切，兼具坚毅的特质,危险感知,孤独是她的伴侣，但她从未抱怨。因为她知道，她的职责关乎整个镜界的安危。
1093,Clio Voidtouched,梦者,慈悲为怀，怜爱众生，兼具超脱的特质,幻象创造,梦境是她最熟悉的领域，在那里她拥有绝对的主宰权。醒来的人们往往不记得她的存在。
1094,Rosemary Darkhollow,守护者,慈悲为怀，怜爱众生，兼具果敢的特质,守护之壁,她曾是普通的灵魂，但镜界的危机唤醒了她内心的力量。如今，她以守护者之名，守护着每一片土地。
1095,Cordelia Nightshade,文员,内敛含蓄，蓄势待发，兼具细心的特质,流程优化,她是镜界秩序的维护者，负责管理着无数灵魂的信息档案。档案整理是她每日的职责。
1096,Rowan Nightshade,神,热情如火，燃烧一切，兼具威严的特质,命运编织,她是镜界的创世神灵之一，掌管着记忆的法则。在虚空中诞生，以宁静之姿守护着这个精神世界的运转。
1097,Vesper The Wanderer,守护者,犹豫不决，优柔寡断，兼具果敢的特质,结界展开,她曾是普通的灵魂，但镜界的危机唤醒了她内心的力量。如今，她以守护者之名，守护着每一片土地。
1098,Sable Keeper,旅行者,成熟稳重，处事周全，兼具随性的特质,旅途指引,她穿越镜界的每一个位面，以文字的方式记录着所见所闻。体验人生是她永恒的追求。
1099,Fauna The Witch,梦者,静若处子，动若脱兔，兼具超脱的特质,幻象创造,她的睡眠比常人更长，因为对她而言，梦境才是真正的现实。
1100,Seraphelle Ethereal,工匠,天真烂漫，纯真无邪，兼具耐心的特质,炼金术,她制作的每件物品都蕴含着特殊的魔力。{craft}是她最擅长的技艺，作品遍布整个镜界。
1101,Willow Mystara,战士,聪慧机敏，反应敏捷，兼具刚毅的特质,冲锋之力,战场是她唯一的归宿，刀光剑影中诠释着生命的意义。她的存在让黑暗势力闻风丧胆。
1102,Fern The Sage,工匠,优雅从容，气质高贵，兼具精益的特质,物品强化,作为工匠，她相信万物皆可重塑。即使是破碎的灵魂，在她手中也能获得新生。
1103,Flora Blackdragon,守护者,聪慧机敏，反应敏捷，兼具忠诚的特质,牺牲庇护,她曾是普通的灵魂，但镜界的危机唤醒了她内心的力量。如今，她以守护者之名，守护着每一片土地。
1104,Elisabeth Warden,学者,静若处子，动若脱兔，兼具内敛的特质,智慧之眼,她穷尽一生追寻镜界的真理，图书馆是她最常停留的地方。记忆之海是她研究的核心课题。
1105,Thalindra The Weaver,神秘者,天真烂漫，纯真无邪，兼具好奇的特质,虚数空间,行走于现实与虚幻的边界，她掌握着常人无法理解的秘术。梦境编织是她的招牌，神秘而强大。
1106,Darkwind Darkhollow,战士,沉静如水，波澜不惊，兼具刚毅的特质,连击之术,以战斗为生，以胜利为荣。她是镜界最强的战士之一，从未尝过失败的滋味。
1107,Esmeralda of Shadows,守护者,神秘莫测，深不可测，兼具坚定的特质,净化之光,她是被镜界意志选中的守护者，誓死捍卫这片世界的安宁。手持反射之盾，将一切入侵者化为虚无。
1108,Beatrix of Dreams,诗人,执着坚定，矢志不渝，兼具理想的特质,诗意降临,她是镜界的吟游诗人，用词句编织着灵魂的故事。每首诗歌都是一段被遗忘的记忆。
1109,Daisy The Oracle,战士,温柔如月，照亮黑暗，兼具果敢的特质,武器精通,战场是她唯一的归宿，刀光剑影中诠释着生命的意义。她的存在让黑暗势力闻风丧胆。
1110,Ebony The Sage,神秘者,天真烂漫，纯真无邪，兼具神秘的特质,符文刻写,她是镜界的探索者，穿越一个又一个未知的领域。没有人知道她的过去，也没人能预测她的未来。
1111,Rosalind The Knight,医者,成熟稳重，处事周全，兼具细腻的特质,健康守护,慈悲是她的本性，无论灵魂因何受伤，她都会伸出援手。医者仁心，说的便是她。
1112,Lady The Weaver,神秘者,热情如火，燃烧一切，兼具深沉的特质,咒语吟唱,行走于现实与虚幻的边界，她掌握着常人无法理解的秘术。镜中漫步是她的招牌，神秘而强大。
1113,Celestine Mistress,神,热情如火，燃烧一切，兼具威严的特质,创世之力,作为高位存在，她的力量与镜界本源相连。每当镜界出现裂痕，她便以净化之力修补，维持着世界的平衡。
1114,Elisabeth Silverserpent,旅行者,热情开朗，光芒四射，兼具好奇的特质,空间跨越,没有灵魂比她走过更多的镜界角落。脚步不停，风景不止，这是她唯一的信条。
1115,Empress Stormwind,战士,冲动热血，易于激动，兼具坚毅的特质,冲锋之力,战场是她唯一的归宿，刀光剑影中诠释着生命的意义。她的存在让黑暗势力闻风丧胆。
1116,Nyxara of Shadows,文员,优雅从容，气质高贵，兼具条理的特质,记录之笔,她是镜界最不可或缺的存在之一，虽然不起眼，却维系着整个世界的运转。
1117,Blackrose Riverdancer,学者,优雅从容，气质高贵，兼具理性的特质,真理追寻,作为知识的守护者，她将所见所闻记录在古老的典籍中。镜界的每一寸土地，都留有她的足迹与思考。
1118,Evangeline of Twilight,梦者,叛逆不羁，自由洒脱，兼具敏感的特质,梦境治愈,她的睡眠比常人更长，因为对她而言，梦境才是真正的现实。
1119,Gwyneth Blackwood,学者,忠诚可靠，值得信赖，兼具理性的特质,智慧之眼,她穷尽一生追寻镜界的真理，图书馆是她最常停留的地方。时空法则是她研究的核心课题。
1120,Morgan le Fay Blackwood,文员,成熟稳重，处事周全，兼具条理的特质,事务协调,她是镜界秩序的维护者，负责管理着无数灵魂的信息档案。事务协调是她每日的职责。
1121,Beatrix Winterborne,学者,狡黠聪慧，智计百出，兼具严谨的特质,记忆图书馆,她穷尽一生追寻镜界的真理，图书馆是她最常停留的地方。记忆之海是她研究的核心课题。
1122,Bloodmoon Winterborne,战士,叛逆不羁，自由洒脱，兼具坚毅的特质,反射之刃,战场是她唯一的归宿，刀光剑影中诠释着生命的意义。她的存在让黑暗势力闻风丧胆。
1123,Countess Synod of,歌者,犹豫不决，优柔寡断，兼具灵动的特质,情绪共鸣,每首歌曲都是一段旅程，每个音符都是一缕情感。她的声音是镜界最美的礼物。
1124,Ivoryl Lightbringer,神,冷峻如霜，洞察本质，兼具慈悲的特质,万物共鸣,她是镜界的创世神灵之一，掌管着光的法则。在虚空中诞生，以炽热之姿守护着这个精神世界的运转。
1125,Morwenna Whitewyrm,工匠,静若处子，动若脱兔，兼具务实的特质,修复之术,作为工匠，她相信万物皆可重塑。即使是破碎的灵魂，在她手中也能获得新生。
1126,Adelaide Lady,诗人,如风般自由，不受束缚，兼具浪漫的特质,诗意降临,以诗为剑，以词为盾。她的诗句拥有超越文字本身的力量，能够触动最坚硬的心。
1127,Sin Viscountess,神秘者,忠诚可靠，值得信赖，兼具神秘的特质,异界召唤,她是镜界的探索者，穿越一个又一个未知的领域。没有人知道她的过去，也没人能预测她的未来。
1128,Aria Obscura,神秘者,沉静如水，波澜不惊，兼具神秘的特质,幻影术,行走于现实与虚幻的边界，她掌握着常人无法理解的秘术。幻影术是她的招牌，神秘而强大。
1129,Morticia Nebula,神秘者,热情如火，燃烧一切，兼具神秘的特质,咒语吟唱,神秘笼罩着她的身影，在镜界的角落，总能发现她留下的奇异痕迹。她的目的是她永恒的谜题。
1130,Rosemary Order of the,旅行者,聪慧机敏，反应敏捷，兼具开放的特质,坐标锁定,没有灵魂比她走过更多的镜界角落。脚步不停，风景不止，这是她唯一的信条。
1131,Aelindra Winterborne,编织者,孤独清高，遗世独立，兼具细腻的特质,命运编织,她编织着镜界最神秘的丝线，每一根线都连接着命运的一个节点。命运之线是她的天赋。
1132,Sable Stormcaller,梦者,执着坚定，矢志不渝，兼具敏感的特质,预知之梦,她是穿梭于梦境与现实的旅人，在睡意中编织着另一个世界。造梦是她独有的天赋。
